URL,Name,Price,Rating,NumReviews
https://www.amazon.in/sspa/click?ie=UTF8&spc=MTo4MzU4MzI4OTAzMDY2MDMxOjE2Nzk0MjE1MTg6c3BfYXRmOjIwMTEyMDk2MzE3NTk4OjowOjo&url=%2Fuppercase-Professional-Anti-theft-resistant-sustainable%2Fdp%2FB0BSH4H4DB%2Fref%3Dsr_1_1_sspa%3Fkeywords%3Dbags%26qid%3D1679421518%26sr%3D8-1-spons%26sp_csd%3Dd2lkZ2V0TmFtZT1zcF9hdGY%26psc%3D1,"uppercase Matrix Professional Anti-theft Laptop Backpack (15.6 Inch) 3x more water resistant sustainable bags with rain proof zippers for Men, Women, Boys and Girls, 750 Days warranty",2300,4.2,(12)
https://www.amazon.in/sspa/click?ie=UTF8&spc=MTo4MzU4MzI4OTAzMDY2MDMxOjE2Nzk0MjE1MTg6c3BfYXRmOjIwMTA1NzE1ODIxNTk4OjowOjo&url=%2Fuppercase-Professional-resistant-sustainable-Anti-theft%2Fdp%2FB0BR1C59R8%2Fref%3Dsr_1_2_sspa%3Fkeywords%3Dbags%26qid%3D1679421518%26sr%3D8-2-spons%26sp_csd%3Dd2lkZ2V0TmFtZT1zcF9hdGY%26psc%3D1,"uppercase SealPro Professional Laptop Backpack (15.6 Inch) 3x more water resistant sustainable bags with rain proof zippers & Anti-theft for Men, Women, Boys and Girls, 750 Days warranty",1900,4.9,(23)
https://www.amazon.in/gp/bestsellers/luggage/ref=sr_bs_2_luggage_1,American Tourister 32 Ltrs Black Casual Backpack (AMT FIZZ SCH BAG 02 - BLACK),1199,4.0,"(52,313)"
https://www.amazon.in/gp/bestsellers/computers/1375464031/ref=sr_bs_3_1375464031_1,Wesley Milestone 2.0 Casual Waterproof Laptop Backpack/Office Bag/School Bag/College Bag/Business Bag/Travel Backpack (Dimensions:13x18 inches) (Compatible with 39.62cm(15.6inch laptop) 30 L (Blue & black),565,4.3,"(9,817)"
https://www.amazon.in/ADISA-Laptop-Backpack-Office-College/dp/B09TPX22NF/ref=sr_1_5?keywords=bags&qid=1679421518&sr=8-5,ADISA 15.6 inch Laptop Backpack Office Bag College Travel Back Pack 32 Ltrs (z-Navy Blue),499,3.8,(567)
https://www.amazon.in/Lavie-Sport-Duffle-Luggage-Trolley/dp/B097RJ22Q3/ref=sr_1_6?keywords=bags&qid=1679421518&sr=8-6,Lavie Sport Lino Large Size 63 cms Wheel Duffle Bag for Travel | Travel Bag with Trolley,949,3.9,"(6,308)"
https://www.amazon.in/Skybags-Brat-Black-Casual-Backpack/dp/B08Z1HHHTD/ref=ice_ac_b_dpb?keywords=bags&qid=1679421518&sr=8-7,Skybags Brat Black 46 Cms Casual Backpack,659,4.1,"(3,778)"
https://www.amazon.in/Half-Moon-Waterproof-Backpack-Students/dp/B085MHDJ93/ref=sr_1_8?keywords=bags&qid=1679421518&sr=8-8,Half Moon 35 L Waterproof Laptop College School Office Bag Backpack for Men Women Boys Girls with 15.6 inch Padded Laptop Compartment & Rain Cover (Navy_Blue),689,3.9,"(15,254)"
https://www.amazon.in/SAFARI-Ltrs-Casual-Backpack-DAYPACKNEO15CBSEB/dp/B07Q7CNPMV/ref=sr_1_9?keywords=bags&qid=1679421518&sr=8-9,SAFARI 15 Ltrs Sea Blue Casual/School/College Backpack (DAYPACKNEO15CBSEB),299,4.0,"(18,019)"
https://www.amazon.in/GEAR-Black-Blue-Backpack-years/dp/B019HA8AYG/ref=sr_1_10?keywords=bags&qid=1679421518&sr=8-10,Gear CarryOn 16L Foldable Water Resistant School Bag//Backpack/College Bag for Men/Women - Blue Black,214,3.7,"(6,058)"
https://www.amazon.in/sspa/click?ie=UTF8&spc=MTo4MzU4MzI4OTAzMDY2MDMxOjE2Nzk0MjE1MTg6c3BfbXRmOjIwMTE2MDQ3Mzk2MTk4OjowOjo&url=%2FAmazon-Basics-Laptop-Backpack-Repellent%2Fdp%2FB09W3XLDM2%2Fref%3Dsr_1_11_sspa%3Fkeywords%3Dbags%26qid%3D1679421518%26sr%3D8-11-spons%26sp_csd%3Dd2lkZ2V0TmFtZT1zcF9tdGY%26psc%3D1,AmazonBasics Laptop Backpack,799,4.2,(431)
https://www.amazon.in/sspa/click?ie=UTF8&spc=MTo4MzU4MzI4OTAzMDY2MDMxOjE2Nzk0MjE1MTg6c3BfbXRmOjIwMDMyNTY1MDQ2ODk4OjowOjo&url=%2FHEROZ-Backpack-Resistant-Computer-17-3-inch%2Fdp%2FB083N3DCTM%2Fref%3Dsr_1_12_sspa%3Fkeywords%3Dbags%26qid%3D1679421518%26sr%3D8-12-spons%26sp_csd%3Dd2lkZ2V0TmFtZT1zcF9tdGY%26psc%3D1,HEROZ Hacker 50 litres Nylon Travel Laptop Backpack Water Resistant Slim Durable Computer Book Bag Tracking Fits Up to 17.3-inch Laptop (058- ALL) (Navy Blue),1439,4.1,"(3,717)"
https://www.amazon.in/Half-Moon-Spacious-Backpack-Compartment/dp/B0BLVQ9NTD/ref=sr_1_13?keywords=bags&qid=1679421518&sr=8-13,Half Moon Strike 35L Unisex Spacious School/Laptop/College/Office Travel Backpack Bag for Men Women Boys & Girls with 15.6 inch Padded Laptop Compartment & Multiple Pockets,699,3.7,(116)
https://www.amazon.in/American-Tourister-BACKPACK-COMPARTMENT-ORGANIZER/dp/B0BTD4FK9G/ref=sr_1_14?keywords=bags&qid=1679421518&sr=8-14,"American Tourister VALEX BLUE LAPTOP BACKPACK 28 Ltrs,Volume, LAPTOP COMPARTMENT, BOTTLE POCKET, FRONT ORGANIZER",1299,4.1,(8)
https://www.amazon.in/Half-Moon-Backpack-Compartment-Reflective/dp/B0BJ32LQ6X/ref=sr_1_15?keywords=bags&qid=1679421518&sr=8-15,Half Moon Large 37L Laptop Bag Backpack for menं Women Boys and Girls Luggage Travel Bags with 17.3 inches Laptop Compartment & Rain Cover,849,3.9,"(2,343)"
https://www.amazon.in/Number-Backpack-Compartment-Charging-Organizer/dp/B09VTCNN75/ref=sr_1_16?keywords=bags&qid=1679421518&sr=8-16,"FUR JADEN Anti Theft Number Lock Backpack Bag with 15.6 Inch Laptop Compartment, USB Charging Port & Organizer Pocket for Men Women Boys Girls",689,3.9,"(3,128)"
https://www.amazon.in/Backpack-Small-Black-Water-Repellant/dp/B088XB5XY8/ref=sr_1_17?keywords=bags&qid=1679421518&sr=8-17,"Mi Step Out 12 L Mini Backpack (Small Size, Black, Water Repellant)",398,4.1,"(8,164)"
https://www.amazon.in/Gear-Classic-Leather-Backpack-LBPCLSLTH0201/dp/B07G4F6XFH/ref=sr_1_18?keywords=bags&qid=1679421518&sr=8-18,Gear Classic 20L Faux Leather Water Resistant Anti Theft Laptop Bag/Backpack for Men/Women-Brown,1075,4.4,"(5,456)"
https://www.amazon.in/Safari-Laptop-Backpack-Resistant-Fabric/dp/B09B25Z8M2/ref=sr_1_19?keywords=bags&qid=1679421518&sr=8-19,"Safari Quill Laptop Backpack 26 Ltrs Water Resistant Fabric - Black, L (QUILL19CBBLK)",799,3.9,(719)
https://www.amazon.in/ADISA-BP005-Weight-Casual-Backpack/dp/B07F3X45WZ/ref=sr_1_20?keywords=bags&qid=1679421518&sr=8-20,ADISA Light Weight Laptop Backpack 32 Ltrs,499,4.0,"(5,651)"
https://www.amazon.in/sspa/click?ie=UTF8&spc=MTo4MzU4MzI4OTAzMDY2MDMxOjE2Nzk0MjE1MTg6c3BfYnRmOjIwMTA1NDUxODUxNTk4OjowOjo&url=%2Fuppercase-Professional-Backpack-resistant-sustainable%2Fdp%2FB0BR1D4SL1%2Fref%3Dsr_1_21_sspa%3Fkeywords%3Dbags%26qid%3D1679421518%26sr%3D8-21-spons%26sp_csd%3Dd2lkZ2V0TmFtZT1zcF9idGY%26psc%3D1,"uppercase Apex Professional Laptop Backpack (15.6 Inch) 3x more water resistant sustainable bags with rain proof zippers for Men, Women, Boys and Girls, 750 Days warranty",1800,4.9,(17)
https://www.amazon.in/sspa/click?ie=UTF8&spc=MTo4MzU4MzI4OTAzMDY2MDMxOjE2Nzk0MjE1MTg6c3BfYnRmOjIwMTE3Nzk1ODc2OTk4OjowOjo&url=%2FMOKOBARA-TSBPK12CND22001-Backpack-Modern-Love%2Fdp%2FB08T1769X9%2Fref%3Dsr_1_22_sspa%3Fkeywords%3Dbags%26qid%3D1679421518%26sr%3D8-22-spons%26sp_csd%3Dd2lkZ2V0TmFtZT1zcF9idGY%26psc%3D1%26smid%3DA2ZJIE4OXD710M,"MOKOBARA Backpack 15.5"" Inch Laptop Backpack For Women (16 litres ) Improved (2022 - Model)",4499,4.3,(152)
https://www.amazon.in/Half-Moon-Backpack-Luggage-Compartment/dp/B09VCLZ3K4/ref=sr_1_17?keywords=bags&qid=1679421529&sr=8-17,Half Moon Large 37L Laptop Bag Backpack for menं Women Boys and Girls Luggage Travel Bags with 17.3 inches Laptop Compartment & Rain Cover,849,3.9,"(2,343)"
https://www.amazon.in/Gear-Black-Laptop-Backpack-LBPASPIRE0104/dp/B075MK4TXP/ref=sr_1_18?keywords=bags&qid=1679421529&sr=8-18,Gear Aspire 30L Water Restant Office Laptop Bag/Backpack for Men/Women/(Black),1131,4.3,"(5,168)"
https://www.amazon.in/ADISA-BP004-Weight-Casual-Backpack/dp/B07G3CG9FC/ref=sr_1_19?keywords=bags&qid=1679421529&sr=8-19,ADISA Laptop Backpack 31 Ltrs,499,4.0,"(9,085)"
https://www.amazon.in/Wesley-Milestone-Waterproof-Backpack-Business/dp/B07PLKV6D1/ref=sr_1_20?keywords=bags&qid=1679421529&sr=8-20,Wesley Milestone 15.6 inch 25 L Casual Waterproof Laptop Backpack/Office Bag/School Bag/College Bag/Business Bag/Unisex Travel Backpack,473,4.3,"(12,346)"
https://www.amazon.in/Rucksack-Travel-Backpack-Trekking-Compartment/dp/B07YDGQQN5/ref=sr_1_21?keywords=bags&qid=1679421529&sr=8-21,"Fur Jaden 55 LTR Rucksack Travel Backpack Bag for Trekking, Hiking with Shoe Compartment",839,4.2,"(4,961)"
https://www.amazon.in/Safari-Backpack-Resistant-Polyester-Travelling/dp/B09B29F66W/ref=sr_1_22?keywords=bags&qid=1679421529&sr=8-22,"Safari Flash Casual Backpack, 26 ltr Water Resistant Travel Bags| Weight Polyester Bagpack for Men and Women, Spacious Shoulder Bag for College, Office, Travelling and Camping",799,3.9,"(2,430)"
https://www.amazon.in/American-Tourister-AMT-SCH-BAG01/dp/B07CJCFNZG/ref=sr_1_23?keywords=bags&qid=1679421529&sr=8-23,American Tourister Casual Backpack,1139,4.1,"(14,468)"
https://www.amazon.in/F-Gear-Luxur-Brown-Backpack/dp/B01F7AX9ZA/ref=sr_1_24?keywords=bags&qid=1679421529&sr=8-24,F Gear Luxur Brown 25 liter Laptop Backpack (2404),1032,4.4,"(16,468)"
https://www.amazon.in/Fur-Jaden-Black-Waterproof-Backpack/dp/B078GLXMDY/ref=sr_1_25?keywords=bags&qid=1679421529&sr=8-25,Fur Jaden Anti Theft Backpack 15.6 Inch Laptop Bag with USB Charging Port,799,4.0,"(10,758)"
https://www.amazon.in/Step-Backpack-Small-Water-Repellant/dp/B088XH1BP7/ref=sr_1_26?keywords=bags&qid=1679421529&sr=8-26,"Mi Step Out 12 L Mini Backpack (Small Size, Dark Blue, Water Repellant)",299,4.1,"(8,164)"
https://www.amazon.in/AirCase-C34-Laptop-Backpack-Women/dp/B07QN4KXWG/ref=sr_1_27?keywords=bags&qid=1679421529&sr=8-27,"AirCase Laptop Bag Backpack Case Pouch for Laptop Backpack for Men & Women,Premium Vegan Leather",929,3.9,(752)
https://www.amazon.in/Hilfiger-Joshua-Backpack-TH-JOSHUALAP01/dp/B07N8GRWTZ/ref=sr_1_28?keywords=bags&qid=1679421529&sr=8-28,Tommy Hilfiger Joshua 15 inch 21 Ltrs Light Grey Laptop Backpack (TH/JOSHUALAP07),2239,3.9,(402)
https://www.amazon.in/Nivia-6853-Polyester-Basic-Duffle/dp/B07FWQ9HRV/ref=sr_1_29?keywords=bags&qid=1679421529&sr=8-29,NIVIA Basic Duffle Polyester Bag/Gym Bags/Adjustable Shoulder Bag for Men/Duffle Gym Bags for Men/Fitness Bag/Carry Bags/Sports & Travel Bag/Sports Kit/Duffle Bags Travel,239,4.0,"(3,117)"
https://www.amazon.in/Safari-Laptop-Backpack-Resistant-Fabric/dp/B09B28TKLG/ref=sr_1_30?keywords=bags&qid=1679421529&sr=8-30,"Safari Quill Laptop Backpack 26 Ltrs Water Resistant Fabric - Blue, L (QUILL19CBBLU)",799,4.1,(495)
https://www.amazon.in/ZIPLINE-Polyester-Backpack-Children-Daypack/dp/B07XVMR33Q/ref=sr_1_31?keywords=bags&qid=1679421529&sr=8-31,Zipline Unisex casual polyester 36 L Backpack School Bag Women Men Boys Girls children Daypack College Bag Book School Sports Bag Weekend Bag,834,4.0,"(5,135)"
https://www.amazon.in/Wesley-Milestone-Waterproof-Backpack-Business/dp/B07K8KLB3P/ref=sr_1_32?keywords=bags&qid=1679421529&sr=8-32,"Wesley Unisex Milestone Casual Waterproof Laptop Office School College Business Travel Backpack 25 L (Dimensions: 12.5x18 inches) (Compatible with 15.6 inch laptops), Navy Blue",448,4.3,"(12,346)"
https://www.amazon.in/gp/bestsellers/luggage/2917442031/ref=sr_bs_0_2917442031_1,DEIN KLEIDER Men's Nylon Messenger Bag,349,4.0,"(4,566)"
https://www.amazon.in/ADISA-Laptop-Backpack-Office-College/dp/B0BPVCBFM7/ref=sr_1_34?keywords=bags&qid=1679421539&sr=8-34,ADISA 35L Large Laptop Backpack Office Bag College Travel Back Pack with rain Cover (Green),599,4.0,(32)
https://www.amazon.in/Lenovo-15-6-Inches-Everyday-Backpack/dp/B08R7RPVJF/ref=sr_1_35?keywords=bags&qid=1679421539&sr=8-35,"Lenovo 15.6"" (39.62cm) Slim Everyday Backpack, Made in India, Compact, Water-resistant, Organized storage:Laptop sleeve,tablet pocket,front workstation,2-side pockets,Padded adjustable shoulder straps",652,4.4,"(2,726)"
https://www.amazon.in/Dell-Pro-Slim-Backpack-15/dp/B07PMQTB6T/ref=sr_1_36?keywords=bags&qid=1679421539&sr=8-36,"Dell Pro Slim Backpack 15 - PO1520PS - Fits Most laptops up to 38.1 cm (15 inches, Black)",1599,4.3,(399)
https://www.amazon.in/Tabelito-Laptop-Backpack-15-6-inch-Repellent/dp/B08Y5S6C2P/ref=sr_1_37?keywords=bags&qid=1679421539&sr=8-37,"Tabelito® Casual Laptop Bag 15.6inch (39.6 cm) , 25 LTR Office College School Bags Business Travel Backpack for Men Women Water Resistant Bags(BLACK)",549,4.2,"(1,599)"
https://www.amazon.in/Wesley-Spartan-Hiking-Raincover-Organiser/dp/B098QFF5TJ/ref=sr_1_38?keywords=bags&qid=1679421539&sr=8-38,Wesley Spartan Unisex Travel Hiking Laptop Bag fits Upto 17.3 inch with Raincover and Internal Organiser Backpack Rucksack College Bag,790,4.1,"(1,045)"
https://www.amazon.in/Genie-Glitter-Backpack-Women-compartments/dp/B097JHQH13/ref=sr_1_39?keywords=bags&qid=1679421539&sr=8-39,"Genie Glitter Backpack for Women - 3 compartments, Laptop Bags for Girls, Stylish and Trendy College Backpacks for Girls, Water Resistant and Lightweight Bags for Office and Travelling Purpose.",1099,4.3,(390)
https://www.amazon.in/ADISA-Laptop-Backpack-College-z-Black/dp/B09TPY1G1W/ref=sr_1_40?keywords=bags&qid=1679421539&sr=8-40,ADISA 15.6 inch Laptop Backpack Office Bag College Travel Back Pack 32 Ltrs (z-Black),499,3.8,(567)
https://www.amazon.in/AUXTER-BLACKY-Duffel-Emboss-Black/dp/B07F2H25NP/ref=sr_1_41?keywords=bags&qid=1679421539&sr=8-41,AUXTER Faux Leather 23 Cms Duffle Bag(AUX_GB_LE_Black -SE_0521_Black),376,4.3,"(8,909)"
https://www.amazon.in/AmazonBasics-Casual-Backpack-Office-15-6-inch/dp/B09W4VMZ79/ref=sr_1_42?keywords=bags&qid=1679421539&sr=8-42,AmazonBasics - Casual Backpack/Office Bag/ for a 15.6-inch Laptop,709,4.2,(431)
https://www.amazon.in/American-Tourister-BACKPACK-COMPARTMENT-ORGANIZER/dp/B0BTD4S4XF/ref=sr_1_43?keywords=bags&qid=1679421539&sr=8-43,"American Tourister VALEX BLACK LAPTOP BACKPACK 28 Ltrs,Volume, LAPTOP COMPARTMENT, BOTTLE POCKET, FRONT ORGANIZER",1299,4.1,(8)
https://www.amazon.in/Arctic-Fox-Liters-String-Backpack/dp/B08L6Q9V1H/ref=sr_1_44?keywords=bags&qid=1679421539&sr=8-44,Arctic Fox 15 Liters Draw String Bag Lavender Backpack,222,4.3,"(2,948)"
https://www.amazon.in/Safari-Spartan-Water-Resistant-Backpack/dp/B09B26MB5M/ref=sr_1_45?keywords=bags&qid=1679421539&sr=8-45,"Safari Spartan 21 Ltrs Water Resistant Backpack - Blue, S (SPARTAN19CBBLU)",599,3.8,(681)
https://www.amazon.in/DZert-Fabric-Multicolour-Spiderman-Printed/dp/B07BNS3KNX/ref=sr_1_46?keywords=bags&qid=1679421539&sr=8-46,DZert Kids School Bag Soft Plush Backpacks Cartoon Boys Girls Baby (2-5 Years),239,3.8,"(1,400)"
https://www.amazon.in/Lenovo-Carrying-15-6-Inch-Toploader-GX40Q17229/dp/B075Y6Y9H5/ref=sr_1_47?keywords=bags&qid=1679421539&sr=8-47,Lenovo Casual Laptop Briefcase T210 (Toploader) 39.62 cm (15.6-inch) Water Repellent Black,799,4.2,"(54,767)"
https://www.amazon.in/Bennett-15-6-inch-Repellent-Backpack-ben_cas_blue/dp/B09WZKB54G/ref=sr_1_48?keywords=bags&qid=1679421539&sr=8-48,"Bennett Laptop Bag for Menं & Women 15.6 inch, 25 L Water Resistant Bag Laptop Apple/Dell/Lenovo/Asus/Hp/Samsung/Mi/MacBook/Ultrabook/Thinkpad/Ideapad/Surfacepro (Blue)",512,4.0,(436)
https://www.amazon.in/WILD-MODA-Womens-Shoulder-Turquoise/dp/B099PLT91X/ref=sr_1_49?keywords=bags&qid=1679421548&sr=8-49,"WILD MODA Women's Shoulder Bag, Set of 1",849,4.3,"(3,500)"
https://www.amazon.in/NETTIE-Cotton-Carry-Strap-Drawstring/dp/B08LBT1R9J/ref=sr_1_50?keywords=bags&qid=1679421548&sr=8-50,NETTIE Cotton Carry Bag with Strap and Drawstring for Yoga Mat- Big Size,198,4.1,"(1,006)"
https://www.amazon.in/FUR-JADEN-Leatherette-Polypropylene-DUFF05/dp/B07M9BRCQ5/ref=sr_1_51?keywords=bags&qid=1679421548&sr=8-51,Fur Jaden Brown Textured Leatherette Stylish & Spacious Weekender Duffle Bag for Travel,889,4.3,"(5,559)"
https://www.amazon.in/BennettTM-Shoulder-Messenger-Repellent-Charcoal/dp/B09CV24TMK/ref=sr_1_52?keywords=bags&qid=1679421548&sr=8-52,Bennett™ Mystic Unisex Adult Men's Laptop Bag 15.6 inch Side Shoulder Briefcase Satchel Messenger Business Bags for Men & Women Front Pocket for Laptop Accessories - Black (6 Month Warranty),512,4.1,"(5,220)"
https://www.amazon.in/Nivia-5183-Polyester-Duffle-Medium/dp/B071KNXQ7Y/ref=sr_1_53?keywords=bags&qid=1679421548&sr=8-53,NIVIA Beast Gym Bag-4 Polyester/Unisex Gym Bags/Shoulder Bag for Men & Women with Separate Shoes Compartment/Carry Gym Accessories/Fitness Bag/Sports & Travel Bag/Sports Kit,529,4.2,"(3,764)"
https://www.amazon.in/HAMMONDS-FLYCATCHER-Genuine-Shoulder-Messenger/dp/B07P2TQH78/ref=sr_1_54?keywords=bags&qid=1679421548&sr=8-54,"Hammonds Flycatcher Genuine Leather Laptop Bag for Men/Office Bag for Men, Brown | Fits Upto 16 Inch Laptop/MacBook| Leather Bag with Shoulder Straps | Laptop Messenger Bag/Leather Bag for Men |",2599,4.3,"(4,687)"
https://www.amazon.in/Sfane-Women-Trendy-Black-Duffel/dp/B07GCR84D9/ref=sr_1_55?keywords=bags&qid=1679421548&sr=8-55,"Sfane Polyester 9.05 Black Men & Women Trendy Black Sports Duffle Gym Bag, Shoulder Bag",297,4.2,(929)
https://www.amazon.in/Tabelito-Laptop-Backpack-15-6-inch-Repellent/dp/B08Y3KCN32/ref=sr_1_56?keywords=bags&qid=1679421548&sr=8-56,"Tabelito® Casual 15.6 Inch Laptop Bag (39.6cm), 25 LTR Water Repellent Backpack Laptop Apple/ Dell/ Lenovo/ Asus/ Hp/ Samsung/ Mi/ MacBook/ Ultrabook/ Thinkpad/ Ideapad/ Surfacepro Men Women (Blue)",549,4.2,"(1,599)"
https://www.amazon.in/DZert-Kids-Grey-School-Years/dp/B07QD1M3R9/ref=sr_1_57?keywords=bags&qid=1679421548&sr=8-57,DZert Kids School Bag Soft Plush Backpacks Cartoon Boys Girls Baby (2-5 Years),219,3.7,"(3,005)"
https://www.amazon.in/Asus-BP1504-15-6-inch-Laptop-Backpack/dp/B0895ZZHKK/ref=sr_1_58?keywords=bags&qid=1679421548&sr=8-58,Asus BP1504 39.62 cm (15.6-inch) Laptop Backpack (Dark Grey),811,4.2,"(1,534)"
https://www.amazon.in/Trajectory-Elegant-15-6-Laptop-Office/dp/B09RK6NCGC/ref=sr_1_59?keywords=bags&qid=1679421548&sr=8-59,Trajectory 100% Vegan Leather 16 Inch Laptop Office Messenger bag for all laptop like Apple MacBook with 2 Years Warranty and Spacious Multiple Compartment with Expandable Bottom Used as Shoulder and Handbag for Men and Women,1399,4.2,(312)
https://www.amazon.in/Lunars-Bingo-Laptop-Resistant-48L/dp/B08YZ8FFBZ/ref=sr_1_60?keywords=bags&qid=1679421548&sr=8-60,Lunar's Bingo - 48 L Laptop Office/School/Travel/Business Backpack Water Resistant - Fits Up to 15.6 Inch Laptop Notebook with 1 Year Warranty,899,3.9,"(9,049)"
https://www.amazon.in/Nivia-5227-Pulse-Junior-Others/dp/B08D7QG33Z/ref=sr_1_61?keywords=bags&qid=1679421548&sr=8-61,"Nivia 5227 Pulse Junior Bag, Others (Orange) (Sky Blue)",294,3.8,(155)
https://www.amazon.in/Zipline-Nexa-Resistant-Bagpack-Backpack/dp/B08WQ668WJ/ref=sr_1_62?keywords=bags&qid=1679421548&sr=8-62,Zipline Unisex Casual Polyester 36 L Backpack School Bag Women Men Boys Girls Children Daypack College Bag Book School Sports Bag,843,3.7,(740)
https://www.amazon.in/Safari-Casual-Backpack-Charging-Resistant/dp/B09B2581S9/ref=sr_1_63?keywords=bags&qid=1679421548&sr=8-63,"Safari Sneak Casual Backpack with USB Charging Port 26 Ltrs Water Resistant Fabric - Grey, L (SNEAK19CBGRE)",949,3.7,(826)
https://www.amazon.in/F-Gear-String-Polyester-33-cms-Black-Drawstring-Gym-Bag/dp/B07PC28YQ9/ref=sr_1_64?keywords=bags&qid=1679421548&sr=8-64,F Gear String 11 Ltrs Nylon Black Gym Bag,158,4.0,(437)
https://www.amazon.in/Lify-Womens-Shoulder-Crossbody-Handbag/dp/B09JWMW646/ref=sr_1_65?keywords=bags&qid=1679421558&sr=8-65,Lify Women's Retro Large Size Canvas Shoulder Bag Hobo Crossbody Handbag Casual Tote - 1 Piece,320,3.8,"(1,319)"
https://www.amazon.in/Genie-Flamenco2-Backpack-Compatible-Resistant/dp/B08YF1XJXY/ref=sr_1_66?keywords=bags&qid=1679421558&sr=8-66,"Genie Flamenco Laptop Backpack for Women, 16 inches Office Bag, Sky Blue Stylish and Trendy Bag for Office and College",640,4.4,"(1,025)"
https://www.amazon.in/Half-Moon-Waterproof-Laptop-Backpack/dp/B09QM9N1B3/ref=sr_1_67?keywords=bags&qid=1679421558&sr=8-67,Half Moon 30L Waterproof 15.6 inch Laptop Office School College Bag Backpack for Men Women Boys & Girls,589,3.6,(361)
https://www.amazon.in/Safari-Groove-Water-Resistant-Backpack/dp/B09B27WXSF/ref=sr_1_68?keywords=bags&qid=1679421558&sr=8-68,Safari Groove 35 Ltrs Water Resistant Backpack,899,3.7,(314)
https://www.amazon.in/Nivia-Deflate-5180BK-Polyester-Round/dp/B07222KX3S/ref=sr_1_69?keywords=bags&qid=1679421558&sr=8-69,NIVIA Deflate Round 01 Polyester Gym Bag/Unisex Gym Bags/Adjustable Shoulder Bag for Men/Duffle Gym Bags for Men/Carry Gym Accessories/Fitness Bag/Sports &Travel Bag/Gym kit Bag,449,4.2,"(7,273)"
https://www.amazon.in/Resistant-Duffle-Shoulder-Separate-Compartment/dp/B09KVBSG61/ref=sr_1_70?keywords=bags&qid=1679421558&sr=8-70,"Wooum Gym Bag Sport Outdoor Bag, Shoulder Bag Side Bag with Separate Shoes Compartment Water Resistance - Dark Grey",397.,4.2,(466)
https://www.amazon.in/Safari-Spartan-Water-Resistant-Backpack/dp/B09B277CR5/ref=sr_1_71?keywords=bags&qid=1679421558&sr=8-71,"Safari Spartan 21 Ltrs Water Resistant Backpack - Teal, S (SPARTAN19CBTEA)",599,3.8,(647)
https://www.amazon.in/BESTAQUA-Capacity-Cosmetic-Cosmetics-Organizer/dp/B0BW62ZR8N/ref=sr_1_72?keywords=bags&qid=1679421558&sr=8-72,"BESTAQUA Large Capacity Cosmetic Travel Bag, Women's Makeup Travel Bag Portable Leather Cosmetics Bag, Makeup Storage Bags with Handle and Divider,Makeup Organizer Bags(Multi)",799,1.0,(1)
https://www.amazon.in/BennettTM-Mystic-Shoulder-Messenger-Repellent/dp/B09321GJXZ/ref=sr_1_73?keywords=bags&qid=1679421558&sr=8-73,Bennett™ Mystic 15.6 inch (39.6cm) Laptop Briefcase Shoulder Sling Office Business Professional Travel Messenger Bag for Men and Women Water Repellent Formal Executive Bags (Grey) 6 Months Warranty,512,4.1,"(5,220)"
https://www.amazon.in/DZert-School-Polyester-Backpack-White/dp/B07GXYHFCY/ref=sr_1_74?keywords=bags&qid=1679421558&sr=8-74,DZert Clasy Laptop Bag College Bag for Boys Girls 21 L Blue White,296,3.8,"(2,292)"
https://www.amazon.in/SIDRUM-Shoulder-Adjustable-Compatible-Mirrorless/dp/B09P74TZY8/ref=sr_1_75?keywords=bags&qid=1679421558&sr=8-75,"SIDRUM WF-18 DSLR/SLR Camera Shoulder Bag Case with Adjustable Shoulder Strap & Rain Cover, Compatible for Nikon, Canon, Sony Mirrorless Cameras - Waterproof - Breathable - Anti Shock (Orange-Black)",664,4.4,(913)
https://www.amazon.in/Chic-Buddy-Waterproof-Swimsuits-Toiletries/dp/B09KSBHC18/ref=sr_1_76?keywords=bags&qid=1679421558&sr=8-76,"Chic Buddy Waterproof Wet Bag, Washable, Reusable for Travel, Beach, Pool, Stroller, Diapers, Dirty Gym Clothes, Wet Swimsuits, Toiletries",299,4.4,(281)
https://www.amazon.in/Motherly-Stylish-Babies-Diaper-Mothers/dp/B07DMKJJB4/ref=sr_1_77?keywords=bags&qid=1679421558&sr=8-77,motherly 25 ltrs (25 Cms) backpack(5860_grey),1736,4.5,"(5,479)"
https://www.amazon.in/Fur-Jaden-Charging-Waterproof-BM36_BlueZip/dp/B07MXM5M99/ref=sr_1_78?keywords=bags&qid=1679421558&sr=8-78,"Fur Jaden 15.6 Inch Laptop Backpack 25 LTR Bag for School, College and Office with USB Charging Port",489,3.9,"(9,941)"
https://www.amazon.in/Li-Ning-Raider-Double-Polyester-Badminton/dp/B09VDQRFRV/ref=sr_1_79?keywords=bags&qid=1679421558&sr=8-79,Li-Ning Raider Max Double Zipper Polyester Badminton Kit Bag (Blue),1516,4.4,(379)
https://www.amazon.in/ADISA-Women-Girls-Floral-SL5072-CRE_Cream/dp/B09B56BCXR/ref=sr_1_80?keywords=bags&qid=1679421558&sr=8-80,ADISA Women Girls Floral Print Sling Bag,549,4.2,"(1,212)"
https://www.amazon.in/sspa/click?ie=UTF8&spc=MTo3NTI3MTI5MjQ5MzY3MjoxNjc5NDIxNTY1OnNwX2F0Zl9uZXh0OjIwMTI1ODk5OTIwNjk4OjowOjo&url=%2Fuppercase-Professional-Backpack-resistant-sustainable%2Fdp%2FB0BWNBQXDZ%2Fref%3Dsr_1_81_sspa%3Fkeywords%3Dbags%26qid%3D1679421565%26sr%3D8-81-spons%26sp_csd%3Dd2lkZ2V0TmFtZT1zcF9hdGZfbmV4dA%26psc%3D1,"uppercase Apex Professional Laptop Backpack (15.6 Inch) 3x more water resistant sustainable bags with rain proof zippers for Men, Women, Boys and Girls, 750 Days warranty",1800,4.9,(17)
https://www.amazon.in/sspa/click?ie=UTF8&spc=MTo3NTI3MTI5MjQ5MzY3MjoxNjc5NDIxNTY1OnNwX2F0Zl9uZXh0OjIwMTEzNzg4MTc1Mzk4OjowOjo&url=%2FHEROZ-Backpack-Resistant-Durable-Notebook%2Fdp%2FB07MJZGXBP%2Fref%3Dsr_1_82_sspa%3Fkeywords%3Dbags%26qid%3D1679421565%26sr%3D8-82-spons%26sp_csd%3Dd2lkZ2V0TmFtZT1zcF9hdGZfbmV4dA%26psc%3D1,HEROZ Hammer Unisex Nylon 45 L Travel Laptop Backpack Water Resistant Slim Durable Fits Up to 17.3 Inch Laptop Notebook (All) (Grey & A. Blue 212),1349,4.3,"(7,733)"
https://www.amazon.in/Gear-Vintage2-Leather-Backpack-LBPVG2LTH0101/dp/B07G44G1DC/ref=sr_1_83?keywords=bags&qid=1679421565&sr=8-83,Gear Vintage2 28L Faux Leather Water Resistant Anti Theft Laptop Bag/Backpack for Men/Women-Black,1030,4.4,"(1,689)"
https://www.amazon.in/YuvKuz-TM-Infocus-Digitizer-Assembly/dp/B07MXNWTB2/ref=sr_1_84?keywords=bags&qid=1679421565&sr=8-84,Lavie Women's Nova Tote Bag | Ladies Purse Handbag,989,4.2,"(7,456)"
https://www.amazon.in/FUR-JADEN-Waterproof-Charging-BM25_Grey/dp/B07FM9BSKW/ref=sr_1_85?keywords=bags&qid=1679421565&sr=8-85,FUR JADEN 15.6 Anti Theft Laptop Backpack with USB Charging Port Unisex Bag for College Office Suitable for Men Women,789,4.0,"(5,809)"
https://www.amazon.in/Cosmus-Casual-Backpack-Charger-College/dp/B08D7D21FV/ref=sr_1_86?keywords=bags&qid=1679421565&sr=8-86,Cosmus Vogue Casual Laptop Backpack with USB Charger Port 44cm 26 Litre Grey College Bag,1181,4.2,"(1,364)"
https://www.amazon.in/Gear-Workspace-Briefcase-Black-Red-BKPWRPHYD0101/dp/B097KGL2M5/ref=sr_1_87?keywords=bags&qid=1679421565&sr=8-87,Gear Workspace 18L Water Resistant Laptop Bag/Backpack/Office Bag for Men/Women-Black,899,4.2,(286)
https://www.amazon.in/Genie-Black-School-Backpack-LUSH19SBBLK/dp/B07QHLBBPM/ref=sr_1_88?keywords=bags&qid=1679421565&sr=8-88,"Genie Lush School Bag for Girls, 17 inch Backpack for Women, 3 compartments Water Resistant Stylish and Trendy College Backpacks for Girls",955,4.1,"(1,432)"
https://www.amazon.in/Lenovo-Laptop-Backpack-15-6-Inch-GX40Q17225/dp/B075Y72PHZ/ref=sr_1_89?keywords=bags&qid=1679421565&sr=8-89,Lenovo Casual Laptop Backpack B210 15.6-inch(39.6cm) Water Repellent Black,799,4.2,"(54,767)"
https://www.amazon.in/Bennett-15-6-inch-College-Repellent-Backpack/dp/B09WZKHSDR/ref=sr_1_90?keywords=bags&qid=1679421565&sr=8-90,"Bennett Casual Laptop Bag school bags for boys girls 15.6-inch, 25 LTR Office & College bags for mens Water Repellent Backpack for Men & Women (GREY)",512,4.0,(436)
https://www.amazon.in/sspa/click?ie=UTF8&spc=MTo3NTI3MTI5MjQ5MzY3MjoxNjc5NDIxNTY1OnNwX210ZjoyMDExMDA2NzU4NDg5ODo6MDo6&url=%2FRed-Lemon-Unisex-adult-Waterproof-Charging%2Fdp%2FB09VGP6H2Y%2Fref%3Dsr_1_91_sspa%3Fkeywords%3Dbags%26qid%3D1679421565%26sr%3D8-91-spons%26sp_csd%3Dd2lkZ2V0TmFtZT1zcF9tdGY%26psc%3D1,Red Lemon Unisex-adult Bange Series Rhombus Shell Design Waterproof Sling Bag with USB Charging,1899,4.1,(56)
https://www.amazon.in/sspa/click?ie=UTF8&spc=MTo3NTI3MTI5MjQ5MzY3MjoxNjc5NDIxNTY1OnNwX210ZjoyMDA4MDI4ODIyNTk5ODo6MDo6&url=%2FClownfish-Resistant-Polyester-Trolley-Backpack%2Fdp%2FB0BFL7SVSM%2Fref%3Dsr_1_92_sspa%3Fkeywords%3Dbags%26qid%3D1679421565%26sr%3D8-92-spons%26sp_csd%3Dd2lkZ2V0TmFtZT1zcF9tdGY%26psc%3D1,The Clownfish Tramp 33 Litre Water Resistant Polyester Two Wheel Laptop Trolley Backpack (Black- Size 48 Cm),5699,5.0,(2)
https://www.amazon.in/Bennett-15-6-inch-College-Repellent-Backpack/dp/B09WZHX3B1/ref=sr_1_93?keywords=bags&qid=1679421565&sr=8-93,"Bennett Casual Laptop Bag school bags for boys girls 15.6-inch, 25 LTR Office & College bags for mens Water Repellent Backpack for Men & Women (Black)",512,4.0,(436)
https://www.amazon.in/Puma-76855-teamGOAL-Backpack-Core/dp/B07XJPLL27/ref=sr_1_94?keywords=bags&qid=1679421565&sr=8-94,Puma Unisex teamGOAL 23 Backpack Core Black X,939,4.3,"(2,621)"
https://www.amazon.in/Amazon-Brand-Backpack-15-6-inch-Laptops/dp/B076QFBFRG/ref=sr_1_95?keywords=bags&qid=1679421565&sr=8-95,"Amazon Brand - Solimo Laptop Backpack for 15.6-inch Laptops (27 litres, Black)",429,3.9,"(1,241)"
https://www.amazon.in/Motherly-Diaper-Bags-Travel-Basic/dp/B07PKQ3WJZ/ref=sr_1_96?keywords=bags&qid=1679421565&sr=8-96,motherly Diaper Bags for Mom Travel Basic Edition (Navy Blue),1536,4.5,"(2,333)"
https://www.amazon.in/TRAWOC-Backpack-Outdoor-Trekking-Rucksack/dp/B07XY6BFXJ/ref=sr_1_97?keywords=bags&qid=1679421565&sr=8-97,"TRAWOC 55 LTR Travel Backpack Daypack bag for Camping Hiking Trekking, English Blue, SHK014",1417,4.2,"(2,378)"
https://www.amazon.in/DZert-Polyester-Black-White-Laptop/dp/B07H193V57/ref=sr_1_98?keywords=bags&qid=1679421565&sr=8-98,DZert Clasy Laptop Bag College Bag for Boys Girls 21 L Black,299,3.8,"(2,292)"
https://www.amazon.in/Safari-Black-Casual-Backpack-PRISMA19CBBLK/dp/B07HN5TMQL/ref=sr_1_99?keywords=bags&qid=1679421565&sr=8-99,Safari Prisma 32 Ltrs Black Casual Backpack (PRISMA19CBBLK),899,3.9,(846)
https://www.amazon.in/ADISA-Laptop-Backpack-Office-College/dp/B0BPTV3795/ref=sr_1_100?keywords=bags&qid=1679421565&sr=8-100,ADISA 35L Large Laptop Backpack Office Bag College Travel Back Pack with rain Cover (Black),599,4.0,(32)
https://www.amazon.in/sspa/click?ie=UTF8&spc=MTo3NTI3MTI5MjQ5MzY3MjoxNjc5NDIxNTY1OnNwX2J0ZjoyMDEwODQ3NTA3NDY5ODo6MDo6&url=%2Fuppercase-Professional-Backpack-resistant-sustainable%2Fdp%2FB0BRMWDNZ7%2Fref%3Dsr_1_101_sspa%3Fkeywords%3Dbags%26qid%3D1679421565%26sr%3D8-101-spons%26sp_csd%3Dd2lkZ2V0TmFtZT1zcF9idGY%26psc%3D1,"uppercase 26 Ltrs Ryder Professional Laptop Backpack (15.6 Inch) 3x more water resistant sustainable bags with rain proof zippers for Men, Women, Boys and Girls, 750 Days warranty",2400,4.7,(19)
https://www.amazon.in/sspa/click?ie=UTF8&spc=MTo3NTI3MTI5MjQ5MzY3MjoxNjc5NDIxNTY1OnNwX2J0ZjoyMDExMTgyNTIyNzk5ODo6MDo6&url=%2FGenie-Clara-Backpack-Women-compartments%2Fdp%2FB097JJGR1N%2Fref%3Dsr_1_102_sspa%3Fkeywords%3Dbags%26qid%3D1679421565%26sr%3D8-102-spons%26sp_csd%3Dd2lkZ2V0TmFtZT1zcF9idGY%26psc%3D1,"Genie Clara Backpack for Women - 3 compartments, Laptop Bags for Girls, Stylish and Trendy College Backpacks for Girls, Water Resistant and Lightweight Bags for Office and Travelling Purpose.",1025,4.2,(57)
https://www.amazon.in/TRAWOC-Backpack-Trekking-Rucksack-Warranty/dp/B0847PGZZM/ref=sr_1_97?keywords=bags&qid=1679421573&sr=8-97,TRAWOC 80L Travel Backpack for Men & Women Outdoor Sport Camp Hiking Trekking Bag Camping Rucksack,2380,4.4,"(6,927)"
https://www.amazon.in/TRAWOC-Backpack-Outdoor-Trekking-Rucksack/dp/B07XY6BFXJ/ref=sr_1_98?keywords=bags&qid=1679421573&sr=8-98,"TRAWOC 55 LTR Travel Backpack Daypack bag for Camping Hiking Trekking, English Blue, SHK014",1417,4.2,"(2,378)"
https://www.amazon.in/Wooum-Resisitance-Shoulder-Business-Messenger/dp/B0993Q72WD/ref=sr_1_99?keywords=bags&qid=1679421573&sr=8-99,Wooum Sling Cross Body Bag/One Side Bag/Shoulder Bag/Office Business Messenger Bag/Money Bag for Men and Women - Water Resisitance,328.,4.0,(616)
https://www.amazon.in/DZert-Polyester-Black-White-Laptop/dp/B07H193V57/ref=sr_1_100?keywords=bags&qid=1679421573&sr=8-100,DZert Clasy Laptop Bag College Bag for Boys Girls 21 L Black,299,3.8,"(2,292)"
https://www.amazon.in/gp/bestsellers/computers/1375466031/ref=sr_bs_4_1375466031_1,Bagneeds Men's Black Synthetic Leather Briefcase Best Laptop Messenger Bag Satchel for Men,664,4.1,"(3,851)"
https://www.amazon.in/ADISA-Laptop-Backpack-Office-College/dp/B0BPTV3795/ref=sr_1_102?keywords=bags&qid=1679421573&sr=8-102,ADISA 35L Large Laptop Backpack Office Bag College Travel Back Pack with rain Cover (Black),599,4.0,(32)
https://www.amazon.in/Wesley-Milestone-Waterproof-Backpack-Business/dp/B085S444JV/ref=sr_1_103?keywords=bags&qid=1679421573&sr=8-103,"Wesley Milestone 2.0 Casual Waterproof Laptop Backpack/Office Bag/School Bag/College Bag/Business Bag/Travel Backpack (Dimensions:13x18 inches) (Compatible with 39.62cm(15.6inch laptop) 30 L, Charcoal black",565,4.3,"(9,817)"
https://www.amazon.in/VIP-Endura-Puller-Brown-Duffle/dp/B0B527KJQZ/ref=sr_1_104?keywords=bags&qid=1679421573&sr=8-104,VIP Polypropylene 48 Cms Travel Bag(DFENDEBRN_Brown),899,4.3,(406)
https://www.amazon.in/HEROZ-Backpack-Resistant-Computer-17-3-inch/dp/B083N53TWB/ref=sr_1_105?keywords=bags&qid=1679421573&sr=8-105,HEROZ Hacker 50 litres Nylon Travel Laptop Backpack Water Resistant Slim Durable Computer Book Bag Tracking Fits Up to 17.3-inch Laptop (058- All) (Grey & Red),1439,4.1,"(3,717)"
https://www.amazon.in/House-Quirk-Maternity-Backpack-Elephant/dp/B07QV7SH4S/ref=sr_1_106?keywords=bags&qid=1679421573&sr=8-106,House of Quirk Baby Diaper Bag Maternity Backpack,1199,4.4,(967)
https://www.amazon.in/Gear-Ltrs-Casual-Backpack-MDBKPECO50504/dp/B0757K36YV/ref=sr_1_107?keywords=bags&qid=1679421573&sr=8-107,Gear Moderneco5 21L Water Resistant School Bag/Backpack/College Bag For Men/Women - Navyblue,390,3.9,"(2,527)"
https://www.amazon.in/House-Quirk-Electronics-Accessories-Organizer/dp/B07MMGBD1J/ref=sr_1_108?keywords=bags&qid=1679421573&sr=8-108,"House of Quirk Electronics Accessories Organizer Bag, Universal Carry Travel Gadget Bag for Cables, Plug and More, Perfect Size Fits for Pad Phone Charger Hard Disk - Dark Blue",499,4.3,"(6,760)"
https://www.amazon.in/ADISA-Laptop-Backpack-Office-College/dp/B0BPVLXD53/ref=sr_1_109?keywords=bags&qid=1679421573&sr=8-109,ADISA 35L Large Laptop Backpack Office Bag College Travel Back Pack with rain Cover (Grey),599,4.0,(32)
https://www.amazon.in/FloMotif-Business-Shoulder-material-resistant/dp/B07NHYLTY7/ref=sr_1_110?keywords=bags&qid=1679421573&sr=8-110,ZOUK Black Floral Printed Handmade Vegan Leather Women's Office Bag for 15.6 inch Laptop with Double Handles - FloMotif,1699,4.4,"(1,845)"
https://www.amazon.in/VEZELA-Womens-Shoulder-Crossbody-Handbag/dp/B01MS1GRDW/ref=sr_1_111?keywords=bags&qid=1679421573&sr=8-111,VEZELA Handbags for Women-Combo Pack of 4-Shoulder Bag Crossbody Bag Sling Bag Card Holder-Set of 4 Purse for Women-Golden,1948,4.0,(577)
https://www.amazon.in/Step-Backpack-Small-Water-Repellant/dp/B088XG77KN/ref=sr_1_112?keywords=bags&qid=1679421573&sr=8-112,"Mi Step Out 12 L Mini Backpack (Small Size, Red, Water Repellant)",249,4.1,"(8,164)"
https://www.amazon.in/FloMotif-Business-Shoulder-material-resistant/dp/B07NHYLTY7/ref=sr_1_113?keywords=bags&qid=1679421581&sr=8-113,ZOUK Black Floral Printed Handmade Vegan Leather Women's Office Bag for 15.6 inch Laptop with Double Handles - FloMotif,1699,4.4,"(1,845)"
https://www.amazon.in/gp/bestsellers/computers/1375466031/ref=sr_bs_1_1375466031_1,Bagneeds Men's Black Synthetic Leather Briefcase Best Laptop Messenger Bag Satchel for Men,664,4.1,"(3,851)"
https://www.amazon.in/Half-Moon-Resistant-Backpack-Compartment/dp/B09GG53CSL/ref=sr_1_115?keywords=bags&qid=1679421581&sr=8-115,Half Moon 34 L Water Resistant 15.6 inch Laptop Bag/Backpack for Men Women Boys Girls/Office School College with Padded Laptop Compartment (Grey),749,3.9,"(1,217)"
https://www.amazon.in/VIP-Endura-Puller-Brown-Duffle/dp/B0B527KJQZ/ref=sr_1_116?keywords=bags&qid=1679421581&sr=8-116,VIP Polypropylene 48 Cms Travel Bag(DFENDEBRN_Brown),899,4.3,(406)
https://www.amazon.in/HEROZ-Backpack-Resistant-Computer-17-3-inch/dp/B083N53TWB/ref=sr_1_117?keywords=bags&qid=1679421581&sr=8-117,HEROZ Hacker 50 litres Nylon Travel Laptop Backpack Water Resistant Slim Durable Computer Book Bag Tracking Fits Up to 17.3-inch Laptop (058- All) (Grey & Red),1439,4.1,"(3,717)"
https://www.amazon.in/Protecta-Professional-15-6-inch-Briefcase-Geometric/dp/B07GNCRCP4/ref=sr_1_118?keywords=bags&qid=1679421581&sr=8-118,Protecta The Professional Laptop Bag Briefcase for Laptops with Screen Size Up to 15.6 Inch (Black & Indian Geometric Print),674,4.4,"(1,412)"
https://www.amazon.in/Gear-Ltrs-Casual-Backpack-MDBKPECO50504/dp/B0757K36YV/ref=sr_1_119?keywords=bags&qid=1679421581&sr=8-119,Gear Moderneco5 21L Water Resistant School Bag/Backpack/College Bag For Men/Women - Navyblue,390,3.9,"(2,527)"
https://www.amazon.in/Storage-Disposable-Freezer-Feeding-Transparent/dp/B099ZVTNCP/ref=sr_1_120?keywords=bags&qid=1679421581&sr=8-120,"Luv Lap Baby Breast Milk Storage Bags (Pack of 50), BPA Free Disposable Milk Freezer Bags for Breast Feeding, Transparent",569,4.4,(563)
https://www.amazon.in/Lunars-Travel-Laptop-Bag-compartments/dp/B08NHL52MK/ref=sr_1_121?keywords=bags&qid=1679421581&sr=8-121,"Lunar's Unisex 50L Water Resistant Office/Travel/Business Laptop Backpack, Bag for up to 17.3 inch Laptop/MacBook with rain Cover and 2 Large compartments",1199,4.0,"(2,482)"
https://www.amazon.in/ASTRID-Womens-Round-Sling-Pompoms/dp/B08VS8JBNK/ref=sr_1_122?keywords=bags&qid=1679421581&sr=8-122,ASTRID Women's Round Sling Bag with Pompoms (Brown),474,4.4,(346)
https://www.amazon.in/POLESTAR-%C3%82-POLESTAR-Ranker-Bagpack-Backpack/dp/B084C84GTR/ref=sr_1_123?keywords=bags&qid=1679421581&sr=8-123,"POLESTAR Ranker 15.6 inch 32 LTR Casual Laptop Backpack/Office Bag/School Bag/College Bag/Business Bag/Unisex Backpack, Water Resistant and Light Weight, 1 year Warranty",669,4.1,"(7,614)"
https://www.amazon.in/Amazon-Basics-Professional-Backpack-15-inch-Laptop/dp/B09W4WB3K5/ref=sr_1_124?keywords=bags&qid=1679421581&sr=8-124,"Amazon Basics - Laptop Backpack/College Bag/Travel Bag for 15.6-inch Laptop, Water-Resistant, Casual",1349,3.5,(5)
https://www.amazon.in/Red-Lemon-Polyester-15-6-inch-Waterproof/dp/B07XYY2FW4/ref=sr_1_125?keywords=bags&qid=1679421581&sr=8-125,Red Lemon Polyester Bange Series 15.6inch Laptop Bag for Men 35 LTR Capacity Daily Office Bag for Men and Women Black (1903),2849,4.2,(160)
https://www.amazon.in/Artistix-Alpine-Laptop-Backpack-Business/dp/B08SVV5HZY/ref=sr_1_126?keywords=bags&qid=1679421581&sr=8-126,"Artistix Alpine Business Class Series | Anti Theft Laptop Backpack (32 Litre, 15.6 inch) (Black)",1783,4.5,"(1,031)"
https://www.amazon.in/Wesley-Milestone-Waterproof-Backpack-Business/dp/B07NJRPJ6Q/ref=sr_1_127?keywords=bags&qid=1679421581&sr=8-127,Wesley Milestone 15.6 inch 25 L Casual Waterproof Laptop Backpack/Office Bag/School Bag/College Bag/Business Bag/Unisex Travel Backpack (Black),498,4.3,"(12,346)"
https://www.amazon.in/Storite-Leather-Sling-Coffee-Brown/dp/B0983N9GXN/ref=sr_1_128?keywords=bags&qid=1679421581&sr=8-128,"Storite Stylish Small PU Leather Sling Cross Body Travel Office One Side Shoulder Bag for Men Women (25 cm x 11 cm x 20 cm, Coffee Brown)",799,4.0,(558)
https://www.amazon.in/Gear-Ltrs-Casual-Backpack-MDBKPECO50504/dp/B0757K36YV/ref=sr_1_129?keywords=bags&qid=1679421592&sr=8-129,Gear Moderneco5 21L Water Resistant School Bag/Backpack/College Bag For Men/Women - Navyblue,390,3.9,"(2,527)"
https://www.amazon.in/Gear-Black-Casual-Backpack-MDBKPECO50104/dp/B0757MBSS6/ref=sr_1_130?keywords=bags&qid=1679421592&sr=8-130,Gear Casual Backpack,449,3.8,"(2,081)"
https://www.amazon.in/DZert-Girls-Polyester-White-Backpack/dp/B07H1BPCGQ/ref=sr_1_131?keywords=bags&qid=1679421592&sr=8-131,DZert Clasy Laptop Bag College Bag for Boys Girls 21 L Nevy Blue,339,3.8,"(2,292)"
https://www.amazon.in/Farraige%C2%AE-Silicone-Crossbody-Waterproof-Stationery/dp/B0B4G8W6MQ/ref=sr_1_132?keywords=bags&qid=1679421592&sr=8-132,Farraige® Cartoon Soft Silicone Bag Crossbody Shoulder Bag Purse Waterproof Anti Fall Stationery Storage Bag Handbag Sweet Birthday Gift for Children Students Girls,684,4.4,(25)
https://www.amazon.in/Lenovo-Laptop-Backpack-15-6-Inch-GX40Q17227/dp/B075Y6SRMG/ref=sr_1_133?keywords=bags&qid=1679421592&sr=8-133,Lenovo Casual Laptop Backpack B210 39.62 cm (15.6) -inch Water Repellent Grey,785,4.2,"(54,767)"
https://www.amazon.in/Artistix-Alpine-Laptop-Backpack-Business/dp/B08SVV5HZY/ref=sr_1_134?keywords=bags&qid=1679421592&sr=8-134,"Artistix Alpine Business Class Series | Anti Theft Laptop Backpack (32 Litre, 15.6 inch) (Black)",1783,4.5,"(1,031)"
https://www.amazon.in/Lunars-Bingo-Laptop-Resistant-48L/dp/B08YZ5XY31/ref=sr_1_135?keywords=bags&qid=1679421592&sr=8-135,Lunar's Bingo - 48 L Laptop Office/School/Travel/Business Backpack Water Resistant - Fits Up to 15.6 Inch Laptop Notebook with 1 Year Warranty,899,3.9,"(9,049)"
https://www.amazon.in/Storite-Leather-Sling-Coffee-Brown/dp/B0983N9GXN/ref=sr_1_136?keywords=bags&qid=1679421592&sr=8-136,"Storite Stylish Small PU Leather Sling Cross Body Travel Office One Side Shoulder Bag for Men Women (25 cm x 11 cm x 20 cm, Coffee Brown)",799,4.0,(558)
https://www.amazon.in/Half-Moon-Trekking-Bags-Compartment/dp/B08PSX1LN9/ref=sr_1_137?keywords=bags&qid=1679421592&sr=8-137,Half Moon 45L Hammer Waterproof Laptop Travelling Rucksack Trekking Backpack for Travel Journey bags for Men Women Boys & Girls with 17.3inch Laptop Compartment & Rain cover,1299,4.1,"(1,013)"
https://www.amazon.in/Gear-Colorado-Orange-Laptop-Backpack/dp/B097K6KD7W/ref=sr_1_138?keywords=bags&qid=1679421592&sr=8-138,F Gear Colorado Grey Orange 39 Ltrs Laptop Backpack (3814),560,4.3,(111)
https://www.amazon.in/F-Gear-Yakuza-Brown-Laptop-Backpack/dp/B071VNWC1C/ref=sr_1_139?keywords=bags&qid=1679421592&sr=8-139,F Gear Yakuza Brown 34 liter Laptop Backpack Sch Bag,981.,4.4,(801)
https://www.amazon.in/Cosmus-Casual-Backpack-Charger-College/dp/B08D7DTWLF/ref=sr_1_140?keywords=bags&qid=1679421592&sr=8-140,Cosmus Vogue Casual Laptop Backpack with USB Charger Port 46cm 26 Litre Dark Grey College Bag,1181,4.2,"(1,364)"
https://www.amazon.in/Hoteon-Backpack-Anti-Theft-Earphone-Resistant/dp/B08HM4TQZZ/ref=sr_1_141?keywords=bags&qid=1679421592&sr=8-141,"Golden Wolf Laptop Bag Anti-theft Backpack with Lock College School Laptop Backpack with Rain Cover Water Resistant Business Backpack with USB Port for 15.6-inch Laptop 25 L Travel Bag for Men, Dark Grey",1946,4.4,"(3,251)"
https://www.amazon.in/Artistix-Backpack-Anti-Theft-Charging-Resistance/dp/B082PKX18C/ref=sr_1_142?keywords=bags&qid=1679421592&sr=8-142,"Artistix Talon Anti Theft Design Laptop Backpack, With USB Charging Port (46 Cm, 25L,Black)",999,4.3,"(2,957)"
https://www.amazon.in/Gear-Vintage2-Leather-Backpack-LBPVG2LTH1901/dp/B07G4F3758/ref=sr_1_143?keywords=bags&qid=1679421592&sr=8-143,Gear Vintage2 Anti Theft Faux Leather 18 cms Tan Laptop Backpack,1075,4.3,"(1,461)"
https://www.amazon.in/uppercase-Backpack-2500EBP1-resistant-sustainable/dp/B0BTDB674X/ref=sr_1_144?keywords=bags&qid=1679421592&sr=8-144,"uppercase Medium 23 Ltrs Tall Boy (14.6 inch) Laptop Backpack 2500EBP1 3x more water resistant sustainable bag with rain proof zippers for Men, Women, Boys and Girls, 750 Days warranty",1700,4.1,(186)
https://www.amazon.in/Half-Moon-Curiosity-Backpack-Resistant/dp/B09S3ZK3N1/ref=sr_1_145?keywords=bags&qid=1679421600&sr=8-145,Half Moon Curiosity 35L Travel Laptop College School Backpack Water Resistant Slim Durable Fits 15.6 Inch Laptop Notebook with Rain cover (Navy Blue),849,3.7,(170)
https://www.amazon.in/Gear-Vintage2-Leather-Backpack-LBPVG2LTH0501/dp/B07G4HH78P/ref=sr_1_146?keywords=bags&qid=1679421600&sr=8-146,Gear Vintage2 28L Faux Leather Water Resistant Anti Theft Laptop Bag/Backpack for Men/Women-Navy,1030,4.4,"(3,134)"
https://www.amazon.in/Farraige%C2%AE-Silicone-Crossbody-Waterproof-Stationery/dp/B0B4G8W6MQ/ref=sr_1_147?keywords=bags&qid=1679421600&sr=8-147,Farraige® Cartoon Soft Silicone Bag Crossbody Shoulder Bag Purse Waterproof Anti Fall Stationery Storage Bag Handbag Sweet Birthday Gift for Children Students Girls,684,4.4,(25)
https://www.amazon.in/Genie-Clara-Backpack-Women-compartments/dp/B097JJGR1N/ref=sr_1_148?keywords=bags&qid=1679421600&sr=8-148,"Genie Clara Backpack for Women - 3 compartments, Laptop Bags for Girls, Stylish and Trendy College Backpacks for Girls, Water Resistant and Lightweight Bags for Office and Travelling Purpose.",1025,4.2,(57)
https://www.amazon.in/POLESTAR-backpack-Backpack-College-Students/dp/B08X2KR6T9/ref=sr_1_149?keywords=bags&qid=1679421600&sr=8-149,"POLESTAR Enzo 15.6 inch 35 LTR Casual Laptop Backpack/Office Bag/School Bag/College Bag/Business Bag/Unisex Backpack , Water Resistant and Light Weight, 1 year Warranty",619,4.2,"(3,771)"
https://www.amazon.in/Police-Polyester-Laptop-Spec-Backpack/dp/B07ZB8NWTZ/ref=sr_1_150?keywords=bags&qid=1679421600&sr=8-150,POLICE Polyester 35 Ltr Laptop Big Low Spec Laptop Backpack - Black/Navy,1569,3.3,(188)
https://www.amazon.in/ADISA-BP004-Weight-Casual-Backpack/dp/B07G3F1G7T/ref=sr_1_151?keywords=bags&qid=1679421600&sr=8-151,ADISA Laptop Backpack 31 Ltrs,499,4.0,"(9,085)"
https://www.amazon.in/Cosmus-Casual-Backpack-Charger-College/dp/B09HX54TGF/ref=sr_1_152?keywords=bags&qid=1679421600&sr=8-152,COSMUS Vogue Casual Laptop Backpack with USB Charger Port 46cm 26 Litre Maroon College Bag,1181,4.2,"(1,364)"
https://www.amazon.in/uppercase-Backpack-2300EBP1-resistant-sustainable/dp/B0BWNCV31F/ref=sr_1_153?keywords=bags&qid=1679421600&sr=8-153,"uppercase Medium 17 Ltrs Vegan Leather (upto 14 inch) Laptop Backpack 2300EBP1 3x more water resistant sustainable bags with rain proof zippers for Men, Women, Boys and Girls, 750 Days warranty",1600,4.0,(373)
https://www.amazon.in/Expandable-Backpack-Water-resistant-Business-Charging/dp/B0B6FNB898/ref=sr_1_154?keywords=bags&qid=1679421600&sr=8-154,"Arctic Hunter Laptop Bag Expandable Backpack for 16 inch Lapotp 40L Travel Backpack Water-resistant Business School Backpack with USB Port for Men and Women,Black",3324,4.2,(21)
https://www.amazon.in/Aristocrat-Zeal-Unisex-Grey-Laptop/dp/B0B5YHC1W5/ref=sr_1_155?keywords=bags&qid=1679421600&sr=8-155,Aristrocrat Unisex Laptop Bag Grey,699,4.4,(18)
https://www.amazon.in/Wildcraft-Turnaround-Polyester-Laptop-8903340000000/dp/B012D4QWES/ref=sr_1_156?keywords=bags&qid=1679421600&sr=8-156,Wildcraft Turnaround Polyester 14 inch 27 Ltrs Blue Laptop Bag (8903340000000),1895,4.3,"(3,230)"
https://www.amazon.in/Lenovo-Laptop-Everyday-Backpack-Black/dp/B07GM5NR14/ref=sr_1_157?keywords=bags&qid=1679421600&sr=8-157,Lenovo Everyday Laptop Backpack B515 15.6-inch Water Repellent Black,890,4.1,"(3,668)"
https://www.amazon.in/Baggit-Womens-Laptop-Bag-Large/dp/B0BNTPMT2G/ref=sr_1_158?keywords=bags&qid=1679421600&sr=8-158,Baggit Women's Laptop Bag - Large (Blue),1259,,
https://www.amazon.in/Gear-Classic-Leather-Backpack-LBPCLSLTH0101/dp/B07G4D13LB/ref=sr_1_159?keywords=bags&qid=1679421600&sr=8-159,Gear Classic 20L Faux Leather Water Resistant Anti Theft Laptop Bag/Backpack for Men/Women-Black,1030,4.4,"(2,611)"
https://www.amazon.in/Anti-Theft-Backpack-Expandable-Water-resistant-Convertible/dp/B0B6FZ3YNV/ref=sr_1_160?keywords=bags&qid=1679421600&sr=8-160,"Golden Wolf Backpack 35L Expandable Travel Backpack for Men and Women Anti-theft Laptop Bag with Lock Water-resistant Convertible Backpack with USB Port Travel Business College Bag for Men,Black",2564,4.4,(37)
https://www.amazon.in/ADISA-Laptop-Backpack-Office-College/dp/B0BPTT2HZY/ref=sr_1_161?keywords=bags&qid=1679421607&sr=8-161,ADISA 35L Large Laptop Backpack Office Bag College Travel Back Pack with rain Cover (Navy),599,4.0,(32)
https://www.amazon.in/gp/bestsellers/shoes/1983357031/ref=sr_bs_1_1983357031_1,"SACCI MUCCI Women's Rainbow Sling Bag, Handmade Bags for Females - 100% Vegan Leather and Coated Duck canvas Fabric, Lightweight and Durable",449,4.2,(657)
https://www.amazon.in/Backpack-Business-Backpacks-Charging-Resistant/dp/B094DGXXR5/ref=sr_1_163?keywords=bags&qid=1679421607&sr=8-163,"FUR JADEN Travel Laptop Backpack, Business Backpacks with USB Charging Port, Water Resistant College School Computer Bag for Men & Women Fits Under 15.6 inch Laptop and Notebook",989,4.1,(107)
https://www.amazon.in/Half-Moon-Backpack-Compartment-Reflective/dp/B0BHX7GY16/ref=sr_1_164?keywords=bags&qid=1679421607&sr=8-164,Half Moon Large 37L Laptop Bag Backpack for menं Women Boys and Girls Luggage Travel Bags with 17.3 inches Laptop Compartment & Rain Cover,849,3.9,"(2,343)"
https://www.amazon.in/Business-Casual-Compartment-Resistant-Backpack/dp/B08N6HSJJ5/ref=sr_1_165?keywords=bags&qid=1679421607&sr=8-165,URBAN WOLF 30L Casual Dual Compartment Water Resistant Laptop Backpack Unisex Bags for Office/ Travel/ Business/ College/ School (Black),719,4.0,(923)
https://www.amazon.in/Victorinox-Nylon-Black-Laptop-31322601/dp/B004UCORV2/ref=sr_1_166?keywords=bags&qid=1679421607&sr=8-166,Victorinox Nylon Black Laptop Bag (31322601),25320,4.5,(11)
https://www.amazon.in/SBCOLLECTION-Premium-Backpack-Water-Resistance-Business/dp/B0BXL5B1J4/ref=sr_1_167?keywords=bags&qid=1679421607&sr=8-167,SBCOLLECTION Premium School College Office Laptop Daily Use Backpack for All Day Traveler,229,4.5,(3)
https://www.amazon.in/gp/bestsellers/sports/3403740031/ref=sr_bs_7_3403740031_1,Li-Ning Panther Double Zipper Polyester Badminton Kit Bag,999,4.3,(316)
https://www.amazon.in/bg1905-Capacity-Laptop-Travelling-Backpack/dp/B082MKHDJ1/ref=sr_1_169?keywords=bags&qid=1679421607&sr=8-169,TSPARK Red Lemon bg1905 15.6 inch 35 LTR Capacity Laptop Bag for Men Travelling Hiking Backpack for Men and Women,2849,4.3,(64)
https://www.amazon.in/Capacity-Cosmetic-Portable-Leather-Organizer/dp/B0BTDKL3KX/ref=sr_1_170?keywords=bags&qid=1679421607&sr=8-170,"Renva Large Capacity Cosmetic Travel Bag, Women's Makeup Travel Bag Portable Leather Cosmetic Bag, Makeup Storage Bags with Handle and Divider,Makeup Organizer Bags (1 pcs, Black)",629,4.1,(18)
https://www.amazon.in/WILDHORN-Backpack-Compartment-Business-Stitching/dp/B09QL66G55/ref=sr_1_171?keywords=bags&qid=1679421607&sr=8-171,"WILDHORN 31L Laptop Backpack for Men / Women I Fits upto 15.6"" Laptop I Waterproof I Travel / Business / College Bookbags",599,4.1,(953)
https://www.amazon.in/Urban-Tribe-Laptop-Backpack-Havana/dp/B01LXNNFDF/ref=sr_1_172?keywords=bags&qid=1679421607&sr=8-172,"URBAN TRIBE Havana 15.6"" inch Laptop Backpack for Men and Women | 27L Office/Work/Casual Bag | Water Repellent | Black",900,3.9,(708)
https://www.amazon.in/Wesley-briefcase-professional-Briefcase-messenger/dp/B0BJVDN7VT/ref=sr_1_173?keywords=bags&qid=1679421607&sr=8-173,Wesley office Laptop Bag briefcase notebook professional business 15.6 Inch Briefcase messenger sling Water resistant Laptop Bag Tablet Business Carrying Handbag for Women and Men (Charcoal Black),498,4.0,"(1,177)"
https://www.amazon.in/Tabelito-Laptop-Backpack-15-6-inch-Repellent/dp/B08Y3L4PHK/ref=sr_1_174?keywords=bags&qid=1679421607&sr=8-174,Tabelito® Casual 15.6 Inch (39.6 cm) Water Repellent Laptop Backpack Office College School Business Travel Bag Suitable for Men Women Boys & Girls Capacity 25 Litre (Grey),549,4.2,"(1,599)"
https://www.amazon.in/Resistant-Outdoor-Shoulder-Unbalance-Earphone/dp/B07TT785P7/ref=sr_1_175?keywords=bags&qid=1679421607&sr=8-175,"Arctic Hunter Mens Sling Bag Small Chest Bag Shoulder Bag Mobile Bag Side Bag for Men with Earphone Port Water Resistant for Everyday Use Small Items and Small Electronic Product,Black",1139,4.2,(547)
https://www.amazon.in/gp/bestsellers/shoes/1983351031/ref=sr_bs_15_1983351031_1,Lavie Women's Broxa Flap Over Sling Bag | Ladies Purse Handbag,999,4.2,"(5,681)"
https://www.amazon.in/Wildcraft-Turnaround-Polyester-Laptop-8903338054702/dp/B012D51GXO/ref=sr_1_177?keywords=bags&qid=1679421614&sr=8-177,Wildcraft Turnaround Polyester 35 Ltrs Blue Laptop Bag (8903338054702),2075,4.3,"(1,159)"
https://www.amazon.in/Pattern-Backpack-Waterproof-College-Szeentp/dp/B08ZJ7R8PZ/ref=sr_1_178?keywords=bags&qid=1679421614&sr=8-178,Szeentp New Pattern Laptop Bag/Backpack Waterproof Black and Blue for School/College Guys by Szeentp,348,3.7,(8)
https://www.amazon.in/Killer-Backpack-Compartments-Polyester-Waterproof/dp/B07CDD6YS2/ref=sr_1_179?keywords=bags&qid=1679421614&sr=8-179,KILLER Louis 38L Large Laptop Backpack With 3 Compartments Polyester Trendy Waterproof Travel Backpack,1664,4.4,"(11,120)"
https://www.amazon.in/Aircase-Backpack-Rucksack-Anti-Theft-Charging/dp/B07SX3X79F/ref=sr_1_180?keywords=bags&qid=1679421614&sr=8-180,"AirCase Laptop bag Anti Theft Backpack for Office College & Travel fits upto 15.6"" Laptop/Macbook, Waterproof, Durable, Multi-Pockets, 180° open (Black)- 1 Yr warranty",1199,4.3,(160)
https://www.amazon.in/PLAYY-BAGS-Backpack-College-Students/dp/B099N8JRVJ/ref=sr_1_181?keywords=bags&qid=1679421614&sr=8-181,PLAYY BAGS Large 35 L Laptop Bag/Backpack for Men Women Boys Girls/Office School College Teens & Students(Navy Blue),599,3.3,(111)
https://www.amazon.in/F-Gear-Tycoon-Laptop-Backpack/dp/B071XJ6XV5/ref=sr_1_182?keywords=bags&qid=1679421614&sr=8-182,F Gear Tycoon 27 Liters Laptop Backpack Sch Bag(Black),1168,4.4,(216)
https://www.amazon.in/F-Gear-Blow-Laptop-Backpack/dp/B078J63VRY/ref=sr_1_183?keywords=bags&qid=1679421614&sr=8-183,"F Gear Blow Laptop Backpack With Rain Cover 32 Liters (Black,Grey) Sch Bag",931,4.3,"(1,256)"
https://www.amazon.in/SAFARI-26-5-Laptop-Backpack-WANDERER19CBRED/dp/B07NSCCGBK/ref=sr_1_184?keywords=bags&qid=1679421614&sr=8-184,SAFARI 46 cms Red Laptop/Casual/School/College Backpack (WANDERER19CBRED),1149,4.3,(264)
https://www.amazon.in/POLESTAR-backpack-Backpack-College-Students/dp/B08X2JSJ6N/ref=sr_1_185?keywords=bags&qid=1679421614&sr=8-185,"POLESTAR Leader 34 L Bag for College, School, Office, Casual Multipurpose Backpack with 15.6"" Laptop Compartment, Water Resistant, Unisex Design, Stylish & Durable, 1 Year Warranty",599,4.1,"(3,430)"
https://www.amazon.in/F-Gear-Blow-Laptop-Backpack-Red/dp/B0749MPCFT/ref=sr_1_186?keywords=bags&qid=1679421614&sr=8-186,"F Gear Blow Laptop Backpack With Rain Cover 32 Liters (Red,Grey) Sch Bag",1096,4.4,(281)
https://www.amazon.in/Wildcraft-Solid-Backpack-Grey-11911/dp/B07N1CM9QS/ref=sr_1_187?keywords=bags&qid=1679421614&sr=8-187,Wildcraft 35 Ltrs 18.5 cms Backpack (11911 Grey_Grey),1266,4.2,(160)
https://www.amazon.in/ZIPLOC-Polyester-Waterproof-Backpack-Business/dp/B099FFLQ5Q/ref=sr_1_188?keywords=bags&qid=1679421614&sr=8-188,ZIPLOC Polyester 42 Liters Waterproof Laptop Backpack/Office Bag/School Bag/College Bag/Business Bag/Unisex Travel Backpack ( Black ),1599,3.6,(10)
https://www.amazon.in/Cosmus-Casual-Backpack-Charger-College/dp/B08D7D2ZFX/ref=sr_1_189?keywords=bags&qid=1679421614&sr=8-189,Cosmus Vogue Casual Laptop Backpack with USB Charger Port 46cm 26 Litre Navy College Bag,1181,4.2,"(1,364)"
https://www.amazon.in/Wildcraft-Packs18-Laptop-Backpack-Streak/dp/B07FC4D9B5/ref=sr_1_190_mod_primary_new?keywords=bags&qid=1679421614&sbo=RZvfv%2F%2FHxDF%2BO5021pAnSA%3D%3D&sr=8-190,Wildcraft Work Packs'18 21 Ltrs Black Laptop Backpack (Streak Plus),1699,4.4,"(1,905)"
https://www.amazon.in/Scratch-Resistant-Anti-Theft-Shoulder-Earphone/dp/B084RHGTCQ/ref=sr_1_191?keywords=bags&qid=1679421614&sr=8-191,"Arctic Hunter Sling Bag for Men,Chest Bag for Men Crossbody Bag for Men Stylish Shoulder Bag for Men Water&Scratch Resistant,Anti-Theft Mens Sling Bag Side Bag with USB Charging Port Earphone Port Fit Up to 10inch iPad.Black",1804,4.5,(529)
https://www.amazon.in/Harissons-Backpack-Abrassion-Integrated-backstaps/dp/B07PBKQXCZ/ref=sr_1_192?keywords=bags&qid=1679421614&sr=8-192,"HARISSONS Bags Delta 39 L Polyester Black 15.6 inch Laptop Backpack with Built-in Rain Cover & Anti-Sweat Air Mesh | Office, Travel and Casual Laptop Bag with Detailed Organizers for Men & Women",1822,4.2,"(1,589)"
https://www.amazon.in/Chic-Buddy-Waterproof-Swimsuits-Toiletries/dp/B0B25B5PB6/ref=sr_1_193?keywords=bags&qid=1679421622&sr=8-193,"Chic Buddy Waterproof Wet Bag, Washable, Reusable for Travel, Beach, Pool, Stroller, Diapers, Dirty Gym Clothes, Wet Swimsuits, Toiletries",289,4.4,(281)
https://www.amazon.in/AirCase-C30-Messenger-Compartments-Multi-Pockets/dp/B07V47HHRG/ref=sr_1_194?keywords=bags&qid=1679421622&sr=8-194,"AirCase Office Sling Messenger Bag fits upto 15.6"" Laptop/Macbook, Detachable Shoulder Strap, Waterproof, Shockproof, Spacious Pockets for Office/Travel, Black- With Warranty",1451,3.8,"(1,165)"
https://www.amazon.in/uppercase-Professional-Backpack-resistant-sustainable/dp/B0BRMWDNZ7/ref=sr_1_195?keywords=bags&qid=1679421622&sr=8-195,"uppercase 26 Ltrs Ryder Professional Laptop Backpack (15.6 Inch) 3x more water resistant sustainable bags with rain proof zippers for Men, Women, Boys and Girls, 750 Days warranty",2400,4.7,(19)
https://www.amazon.in/Clownfish-Trident-Laptop-Briefcase-Messenger/dp/B079HZJTK2/ref=sr_1_196?keywords=bags&qid=1679421622&sr=8-196,The Clownfish Trident Series Laptop Briefcase 15.6 inch Laptop Bag Messenger Bag (Dark Brown),2149,4.4,(236)
https://www.amazon.in/Harissons-Office-Laptop-Backpacks-Women/dp/B09D3YYYNG/ref=sr_1_197?keywords=bags&qid=1679421622&sr=8-197,Harissons Bags Volt 15.6 inch Office Laptop Backpacks for Men and Women,1348,4.2,(220)
https://www.amazon.in/Trunkit-Resistance-Trekking-Compartment-Rucksack/dp/B09NRVW114/ref=sr_1_198?keywords=bags&qid=1679421622&sr=8-198,Trunkit High Water Resistance Trekking Hiking Travel Bag With Shoe Compartment Rucksack,559,4.1,(63)
https://www.amazon.in/Skybags-Network-Unisex-Blue-Laptop/dp/B0B4DTMVXY/ref=sr_1_199?keywords=bags&qid=1679421622&sr=8-199,Skybags Network Pro 26L Unisex Blue Laptop Bags,2999,3.9,(57)
https://www.amazon.in/Red-Lemon-Backpack-Travelling-Weekender/dp/B0B9WX3QD8/ref=sr_1_200?keywords=bags&qid=1679421622&sr=8-200,"Red Lemon BANGE Cyborg Laptop Backpack for Men Business Travelling Backpack with USB Charger Port,Weekender Carry-On laptop bag for men",2999,4.1,(32)
https://www.amazon.in/BUCKETLIST%C2%AE-Backpack-Laptop-Charging-Resistant/dp/B0BMQPZ4V4/ref=sr_1_201?keywords=bags&qid=1679421622&sr=8-201,BUCKETLIST® Anti Theft Backpack 15.6 Inch Laptop Bag with USB Charging Port and Water Resistant Fabric 30 Liters (Black) (Pack of 1),699,2.8,(4)
https://www.amazon.in/COSMUS-Polyester-Navy-Laptop-Backpack/dp/B01FVQLLU0/ref=sr_1_202?keywords=bags&qid=1679421622&sr=8-202,COSMUS Darwin Navy Blue Laptop Backpack for (15.6 inch),1231,4.3,"(9,901)"
https://www.amazon.in/Derben-Fabric-Leather-Laptop-Messenger/dp/B08TVL3MWJ/ref=sr_1_203?keywords=bags&qid=1679421622&sr=8-203,"DERBEN CLOVE® 15.6 Men and Women Laptop, MacBook Shoulder Messenger Sling Office Bag - Grey",899,4.1,(131)
https://www.amazon.in/F-Gear-Carlton-Laptop-Backpack-Black/dp/B072R5Z149/ref=sr_1_204?keywords=bags&qid=1679421622&sr=8-204,F Gear Carlton V2 Leather 27 Liters Laptop Backpack Sch Bag(Black),787,4.3,(54)
https://www.amazon.in/Tinytot-School-Backpack-College-Multipurpose/dp/B09C5J2MN7/ref=sr_1_205?keywords=bags&qid=1679421622&sr=8-205,Tinytot School Bag School Backpack College Backpack Travel Backpack Office Backpack Multipurpose Backpack Picnic Bag for Boys & Girls,589,4.3,(292)
https://www.amazon.in/Half-Moon-Waterproof-Backpack-Students/dp/B0BQFVH29F/ref=sr_1_206?keywords=bags&qid=1679421622&sr=8-206,Half Moon 35 L Casual Waterproof Laptop Bag/Backpack for Men Women Boys Girls/Office School College Teens & Students with Rain Cover (18 Inch) (Sky Blue),699,4.6,(6)
https://www.amazon.in/Mount-Rucksack-Hiking-Trekking-Backpack/dp/B07B4DYD37/ref=sr_1_207?keywords=bags&qid=1679421622&sr=8-207,"Mount Track ninja 40 Liters rucksack, hiking & trekking backpack",594,4.0,(215)
https://www.amazon.in/DZert-Polyester-Black-White-Backpack/dp/B07GXX2BP3/ref=sr_1_208?keywords=bags&qid=1679421622&sr=8-208,DZert Clasy Laptop Bag College Bag for Boys Girls 21 L Red Black,296,3.8,"(2,292)"
https://www.amazon.in/AirCase-C34-Laptop-Backpack-Women/dp/B07QL8633G/ref=sr_1_209?keywords=bags&qid=1679421629&sr=8-209,"AirCase Laptop Bag Backpack Case Pouch for Laptop Backpack for Men & Women,Premium Vegan Leather",929,4.0,(998)
https://www.amazon.in/15-6-inch-Briefcase-Waterproof-Artificial-Compatible/dp/B094GB8VS2/ref=sr_1_210?keywords=bags&qid=1679421629&sr=8-210,"WORLD SPEED 15.6-inch Laptop Computer Briefcase,Water Resistant, Business Bag with Waterproof Zipper,Shoulder Bag Artificial Leather Handbag,Compatible with laptop MacBook Notebook,for Men/Women",799,4.1,(552)
https://www.amazon.in/Blackpink-Backpack-Charging-Headset-College/dp/B09XMGJZH8/ref=sr_1_211?keywords=bags&qid=1679421629&sr=8-211,Urban Tribe Fitpack Neo Multipurpose 15.6 Inch| Water Repellent |26 Litres | Laptop Gym Backpack With Shoe Compartment For Men And Women (Beige),1598,3.8,(43)
https://www.amazon.in/TUFFGEAR-Bag-Workout-Litre-Duffle/dp/B08M66BVY2/ref=sr_1_212?keywords=bags&qid=1679421629&sr=8-212,Gym Bag TUFFGEAR Workout 23 Litre Gym Duffle Bag (Black),295,4.0,(904)
https://www.amazon.in/BROGBUS-Business-Messenger-Sling-10-05inch/dp/B09QLD9GJY/ref=sr_1_213?keywords=bags&qid=1679421629&sr=8-213,"BROGBUS pu Leather Men Bag Casual Business Messenger Bag for Cross body Bag Male Shoulder Bags PU Leather Sling Messenger Bag (Brown, L- 10.05inch H- 11.5inch W- 3inch)",939,4.1,(426)
https://www.amazon.in/Greemito-Multipurpose-clothespin-bag-Vegetables/dp/B08W8TY43R/ref=sr_1_214?keywords=bags&qid=1679421629&sr=8-214,Greemito Multipurpose clothespin bag with hanger | Bathroom Organizer Hanging Bag | Hanging Net Bags For Vegetables and Fruits Storage | Pack of (2),299,4.2,(37)
https://www.amazon.in/HEROZ-Backpack-Resistant-Durable-Notebook/dp/B08BYQZYYC/ref=sr_1_215?keywords=bags&qid=1679421629&sr=8-215,HEROZ Hammer Unisex Nylon 45 L Travel Laptop Backpack Water Resistant Slim Durable Fits Up to 17.3 Inch Laptop Notebook (All) (Navy Blue & Sky Blue),1499,4.3,"(7,733)"
https://www.amazon.in/POLICE-Stylish-Premium-Quality-Backpack/dp/B084Q4N84P/ref=sr_1_216?keywords=bags&qid=1679421629&sr=8-216,POLICE Walt Laptop Backpack Business Office College Travel Bags for Men Fits Up to 15 inch Laptop Notebook - Black,1689,4.1,(620)
https://www.amazon.in/LL-LEATHER-LAND-DESIGNER-BAGS/dp/B0BD4TTDHD/ref=sr_1_217?keywords=bags&qid=1679421629&sr=8-217,LL LEATHER LAND DESIGNER BAGS Women Sling Bag,299,4.0,"(1,630)"
https://www.amazon.in/QUDDY-Capacity-Cosmetic-Cosmetics-Organizer/dp/B0BVWH7FS5/ref=sr_1_218?keywords=bags&qid=1679421629&sr=8-218,"QUDDY Large Capacity Cosmetic Travel Bag, Women's Makeup Travel Bag Portable Leather Cosmetics Bag, Makeup Storage Bags with Handle and Divider, Wide Opening Cosmetic/Makeup Organizer Bags",799,,
https://www.amazon.in/Resistance-Backpack-Students-Compartment-50x37x26Cm/dp/B09X5Y2CB2/ref=sr_1_219?keywords=bags&qid=1679421629&sr=8-219,Wooum 48 L Casual Water Resistance Laptop Bag/Backpack for Men Women Boys Girls/Office School College Teens & Students with 15.6 Inch Laptop Compartment 50x37x26Cm,569.,3.6,(57)
https://www.amazon.in/GoTrippin-Camping-Outdoors-Polyester-Adjustable/dp/B088LHS5LP/ref=sr_1_220?keywords=bags&qid=1679421629&sr=8-220,"GoTrippin Waist Bags for Men Women- Premium Stitching, Branded Zippers, Waterproof pocket, RFID safe- Large Fanny pack for Hiking Travel Camping Running Sports Outdoors, Money Belt with Adjustable Strap (Polyester,Black)",999,4.4,"(1,897)"
https://www.amazon.in/Ace-Laptop-Backpack-Charging-College/dp/B09ZB5HGWB/ref=sr_1_221?keywords=bags&qid=1679421629&sr=8-221,Large 26L Ace Laptop Backpack Laptop Bag | Office Bag With USB Charging Port | College Bag,569,4.0,(1)
https://www.amazon.in/F-Gear-Fortune-Backpack-Navy-Blue/dp/B07B7K7212/ref=sr_1_222?keywords=bags&qid=1679421629&sr=8-222,"F Gear Fortune Navy Blue, Red 27 Liters Laptop Backpack (2700)",747,4.1,(491)
https://www.amazon.in/uppercase-Professional-Backpack-resistant-sustainable/dp/B0BR1D4SL1/ref=sr_1_223?keywords=bags&qid=1679421629&sr=8-223,"uppercase Apex Professional Laptop Backpack (15.6 Inch) 3x more water resistant sustainable bags with rain proof zippers for Men, Women, Boys and Girls, 750 Days warranty",1800,4.9,(17)
https://www.amazon.in/Skybags-Unisex-Grey-Jacqard-Laptop/dp/B09ZV9SLBJ/ref=sr_1_224?keywords=bags&qid=1679421629&sr=8-224,Skybags Unisex Grey Jacqard 34L Laptop Bags,1213,4.0,(20)
https://www.amazon.in/Gear-Bounce-Backpack-Grey-Orange-BKPBOUNCE0604/dp/B097KCLF5F/ref=sr_1_225?keywords=bags&qid=1679421636&sr=8-225,Gear Bounce 27 Ltrs Water Resistant School Bag/Backpack/College Bag for Men/Women-Grey Orange,629,3.6,(380)
https://www.amazon.in/ZaySoo-Casual-Backpack-College-Business/dp/B0BTD542W7/ref=sr_1_226?keywords=bags&qid=1679421636&sr=8-226,ZaySoo Casual Laptop Backpack/Office Bag/School Bag/College Bag/Business Bag/Travel Backpack - Black,394,,
https://www.amazon.in/ADISA-Laptop-Backpack-Office-College/dp/B0BVRJYD9Q/ref=sr_1_227?keywords=bags&qid=1679421636&sr=8-227,ADISA 32L Large Laptop Backpack Office Bag College Travel Back Pack with rain Cover (Navy),599,4.4,(5)
https://www.amazon.in/MosQuick%C2%AE-Drawstring-Organizing-Stationery-multipurpose/dp/B09SB42QFQ/ref=sr_1_228?keywords=bags&qid=1679421636&sr=8-228,"MosQuick® Clear large Drawstring Bags Clear Plastic Travel Bags, Travel Garments Organizing Storage Plastic Bags ,Shoe bags , Stationery Bag,multipurpose bag - Translucent",324,4.2,(50)
https://www.amazon.in/American-Tourister-FS0-11-001/dp/B07S13P8BW/ref=sr_1_229?keywords=bags&qid=1679421636&sr=8-229,American Tourister Spin 49 cms Teal Laptop Backpack,1699,4.0,"(1,432)"
https://www.amazon.in/POLESTAR-Casual-bagpack-School-Backpack/dp/B07PQQ8M7B/ref=sr_1_230?keywords=bags&qid=1679421636&sr=8-230,"POLESTAR Noble 32 L Bag for College, School, Office, Casual Multipurpose Backpack with 15.6"" Laptop Compartment, Water Resistant, Unisex Design, Stylish & Durable, 1 Year Warranty",579,3.9,"(17,378)"
https://www.amazon.in/Hilfiger-Connor-Backpack-TH-CONNORLAP20/dp/B07N8HPP97/ref=sr_1_231?keywords=bags&qid=1679421636&sr=8-231,Tommy Hilfiger Connor 23 Ltrs Black Laptop Backpack (TH/CONNORLAP01),1559,4.1,(151)
https://www.amazon.in/PACKNBUY-Diaper-Mother-Maternity-Backpack/dp/B07Z853TJN/ref=sr_1_232?keywords=bags&qid=1679421636&sr=8-232,PACKNBUY Diaper Bag for Babies Mother Hospital Maternity Baby Bags (Blue),1499,4.2,(13)
https://www.amazon.in/ADISA-litres-Laptop-Backpack-Earphone/dp/B08RWCLFHY/ref=sr_1_233?keywords=bags&qid=1679421636&sr=8-233,ADISA 15.6 inch Laptop Backpack Office Bag College Travel Back Pack 32 Ltrs BP032 (Teal-Red),499,4.0,(164)
https://www.amazon.in/Storite-Grocery-Shopping-Reinforced-40x20x33-cm/dp/B079T66RBW/ref=sr_1_234?keywords=bags&qid=1679421636&sr=8-234,"Storite Pack of 2 Heavy Duty Canvas Grocery Shopping Bags with Reinforced Handles (40x20x33-cm, Green)",519,4.3,"(2,105)"
https://www.amazon.in/Roop-Fashion-Drawstring-Multipurpose-Activities/dp/B0847L8W6N/ref=sr_1_235?keywords=bags&qid=1679421636&sr=8-235,"Roop Fashion Plain Chain Drawstring Bag, Multipurpose Unisex Drawstring, Gym, Travel, Hiking, Camping, Summer Camp and More Outdoor Activities, Multicolor Bag",199,3.1,(50)
https://www.amazon.in/Wooum-Resistant-Material-Messenger-Compartment/dp/B09KV7Y3KL/ref=sr_1_236?keywords=bags&qid=1679421636&sr=8-236,Wooum Water Resistant Material Sling Bag/One Side Bag/Shoulder Bag/Messenger Bag/Office Messenger Bag/Travel Side Bag with 14.1 Inch Laptop Compartment -,474.,3.9,(220)
https://www.amazon.in/Leatherette-Executive-messenger-multiple-compartments/dp/B099NM8621/ref=sr_1_237?keywords=bags&qid=1679421636&sr=8-237,"Zipline Synthetic Leather Executive SMALL messenger bag Briefcase for upto 13"" Laptop/Tablet for men women with multiple compartments (1-Tan Bag)",938,3.9,(366)
https://www.amazon.in/SKYTONE-Cosmetic-Bag-Cosmetics-Organizer/dp/B0BV358QKF/ref=sr_1_238?keywords=bags&qid=1679421636&sr=8-238,"SKYTONE Large Capacity Cosmetic Travel Bag, Women's Makeup Travel Bag Portable Leather Cosmetics Bag, Makeup Storage Bags with Handle and Divider, Wide Opening Cosmetic/Makeup Organizer (Pink)",749,3.6,(22)
https://www.amazon.in/Half-Moon-Waterproof-Backpack-Students/dp/B0BR149RMT/ref=sr_1_239?keywords=bags&qid=1679421636&sr=8-239,Half Moon 35 L Casual Waterproof Laptop Bag/Backpack for Men Women Boys Girls/Office School College Teens & Students with Rain Cover (18 Inch) (Black),699,3.8,(9)
https://www.amazon.in/Backpack-Business-Computer-Luggage-Resistant/dp/B084LBMKMT/ref=sr_1_240?keywords=bags&qid=1679421636&sr=8-240,"Arctic Hunter Backpack 15.6 Inch Laptop Bag Water-Resistant Slim Business Backpack for Office Travel School Smart Bag with USB Port for Men and Women, Black",2659,4.3,(115)
https://www.amazon.in/Backpack-Business-Computer-Luggage-Resistant/dp/B084LBMKMT/ref=sr_1_241?keywords=bags&qid=1679421642&sr=8-241,"Arctic Hunter Backpack 15.6 Inch Laptop Bag Water-Resistant Slim Business Backpack for Office Travel School Smart Bag with USB Port for Men and Women, Black",2659,4.3,(115)
https://www.amazon.in/Gear-Polyester-Laptop-Backpack-LBPECONO10412/dp/B012NW0J30/ref=sr_1_242?keywords=bags&qid=1679421642&sr=8-242,Gear ECO1 24L Water Resistant Laptop Bag/Backpack/Office Bag for Men/Women- Grey-Black-Yellow,854,4.2,"(1,420)"
https://www.amazon.in/Wildcraft-Hopper-Laptop-Backpack-Black/dp/B07YNKY9PN/ref=sr_1_243?keywords=bags&qid=1679421642&sr=8-243,Wildcraft Hopper 1.0 Laptop Backpack 24L (Black),1390,4.2,(2)
https://www.amazon.in/Kuber-Industries-Lightweight-Toiletry-Carrying/dp/B0B45QRYHY/ref=sr_1_244?keywords=bags&qid=1679421642&sr=8-244,Kuber Industries Rexine Lightweight Travel Toiletry Bag Shaving Kit with Carrying Strap (Grey) 54KM4283,231,4.0,(36)
https://www.amazon.in/Dell-Essential-Backpack-15-ES1520P/dp/B07TTCXHRH/ref=sr_1_245?keywords=bags&qid=1679421642&sr=8-245,Dell Essential Backpack 15 (ES1520P),1290,4.0,"(5,577)"
https://www.amazon.in/PUMA-Laptop-Backpack-Black-White/dp/B08BTMMB23/ref=sr_1_246?keywords=bags&qid=1679421642&sr=8-246,PUMA Laptop Backpack IND I Black- White,1099,3.9,(133)
https://www.amazon.in/AirCase-C25-Messenger-Shoulder-Compartments/dp/B07X6DV3VM/ref=sr_1_247?keywords=bags&qid=1679421642&sr=8-247,"AirCase Office Messenger Sling Bag fits upto 15.6"" Laptop/Macbook, Detachable Shoulder Strap, Waterproof, Shockproof, Carry Handle with Spacious Pockets, For Men & Women, Blue- with Warranty",949,3.9,"(1,267)"
https://www.amazon.in/Wildcraft-Hopper-Laptop-Backpack-Blue/dp/B07YNL6H8H/ref=sr_1_248?keywords=bags&qid=1679421642&sr=8-248,Wildcraft Hopper 1.0 Laptop Backpack 24L (Blue),1390,4.5,(2)
https://www.amazon.in/Storite-Leather-Sling-Bag-Brown/dp/B08TR8RMNH/ref=sr_1_249?keywords=bags&qid=1679421642&sr=8-249,"Storite Stylish Small PU Leather Sling Cross Body Travel Office Messenger One Side Shoulder Bag for Men Women(Brown, 20.5x9x16.5cm)",799,4.1,(828)
https://www.amazon.in/SAEKOS-Stylish-Backpack-Shoulder-Silicone/dp/B0B3D9B2D4/ref=sr_1_250?keywords=bags&qid=1679421642&sr=8-250,"SAEKOS Minnie pop it Bag | Fidget Popit Stylish Backpack Shoulder Bag | Cute Silicone Purse, Pouch | for Kids, Women | Black Red (Pack of 1)",389,4.0,(22)
https://www.amazon.in/uppercase-Backpack-1600EBP1-resistant-sustainable/dp/B0B68ZS5G1/ref=sr_1_251?keywords=bags&qid=1679421642&sr=8-251,"uppercase Laptop Backpack 1600EBP Compact 3x more water repellent sustainable bags with rain proof zippers for Men, Women, Boys and Girls , 750 Days warranty",950,4.2,(171)
https://www.amazon.in/WALKENT-Craft-Laptop-Bag-Anti-Theft/dp/B0978JT5HR/ref=sr_1_252?keywords=bags&qid=1679421642&sr=8-252,"WALKENT 15.6"" Laptop Bag 27L (Craft) Anti-Theft, Waterproof, Expandable, External USB for Office College Men Women",2365,4.2,(362)
https://www.amazon.in/Heart-Home-Printed-Backpack-HS_38_HEARTH21105/dp/B095CGX9RT/ref=sr_1_253?keywords=bags&qid=1679421642&sr=8-253,Heart Home Rexien Disney Mickey Mouse Printed Kids School Bag|Zipper Closure With 3 Comparments|Size 27 x 22 x 40 CM (Green)-HS_38_HEARTH21105,697,3.9,(182)
https://www.amazon.in/Casual-Travel-Backpack-School-College/dp/B09PVCF9F8/ref=sr_1_254?keywords=bags&qid=1679421642&sr=8-254,Airish 45 ltrs (46 Cms)Backpack(ARU-202_Green),664,3.6,(154)
https://www.amazon.in/Osaka-Pro-Waterproof-Accessories-Others-Made/dp/B081Z1TVPQ/ref=sr_1_255?keywords=bags&qid=1679421642&sr=8-255,"Osaka Pro Series-11 Waterproof DSLR Backpack Camera Bag, Lens Accessories Carry Case for Nikon, Canon, Olympus, Pentax & Others-Made in India",865,3.9,(566)
https://www.amazon.in/Aristocrat-Unisex-Oxford-Fabric-28-82L/dp/B09ZV86P4S/ref=sr_1_256?keywords=bags&qid=1679421642&sr=8-256,Aristocrat Unisex Black Oxford Fabric 28.82L Laptop Bags,758,3.5,(44)
https://www.amazon.in/Gear-Polyester-Laptop-Backpack-LBPECO1000109/dp/B012NW1H1I/ref=sr_1_257?keywords=bags&qid=1679421649&sr=8-257,Gear ECO 1 Black Orange Red Laptop Backpack,854,4.3,"(1,357)"
https://www.amazon.in/Wildcraft-CL2-laptop-bagpack-Black/dp/B00L14FKD6/ref=sr_1_258?keywords=bags&qid=1679421649&sr=8-258,Wildcraft CL2 Laptop bagpack (Black),1585,4.1,(176)
https://www.amazon.in/PrimeBox-Shoulder-Lightweight-Resistant-Activity/dp/B0BR17PDX8/ref=sr_1_259?keywords=bags&qid=1679421649&sr=8-259,PrimeBox Travel Duffel Bag Sports Tote Shoulder Gym Bag Womens Travel Bags Lightweight Water Resistant Workout Bag for Sports Activity Pack of 1 Black Color,299,,
https://www.amazon.in/Gear-Executive-Anti-Theft-Backpack-BKPPKREXE0101/dp/B097KCMQKG/ref=sr_1_260?keywords=bags&qid=1679421649&sr=8-260,Gear Parker 23L Water Resistant Anti Theft Laptop Bag/Backpack for Men/Women - Black,702,4.3,(325)
https://www.amazon.in/Gear-Compact-Business-Backpack-BUSCOMPACT052/dp/B08D76WDTV/ref=sr_1_261?keywords=bags&qid=1679421649&sr=8-261,Gear Compact Business 18L Water Resistant Laptop Bag/Backpack/Office Bag For Men/Women - Indiaink,684,4.2,"(1,084)"
https://www.amazon.in/Half-Moon-Resistant-Laptop-Backpack/dp/B09842K4RQ/ref=sr_1_262?keywords=bags&qid=1679421649&sr=8-262,Half Moon 35 L Casual Water Resistant 15.6 inch Laptop Bag/Backpack for Men Women Boys Girls/Office School with Rain Cover (Black),699,3.9,(300)
https://www.amazon.in/Backpack-Business-Scratch-resistant-Multiple-Comfortable/dp/B0B6FNPN76/ref=sr_1_263?keywords=bags&qid=1679421649&sr=8-263,"Arctic Hunter Laptop Backpack, Premium Business Backpack Office Travel Laptop Bag with 15.6-inch Laptop Pocket Water/Scratch-resistant Multiple Pocket Comfortable and Thick, Large Capacity Padded Backpack for Men and Women",5699,4.3,(65)
https://www.amazon.in/Protecta-Protection-Waterproof-Interiors-Retractable/dp/B0B6G648XY/ref=sr_1_264?keywords=bags&qid=1679421649&sr=8-264,Protecta Oscar 360˚ Protection Waterproof 15.6 Inch Laptop Bag for Men & Women Ideal for Office & College with Soft Interiors & Retractable Handle - (Elephants Print),1030,4.5,(14)
https://www.amazon.in/Vezela-Laptop-Charging-Feature-Pencil/dp/B077KXTZ2K/ref=sr_1_265?keywords=bags&qid=1679421649&sr=8-265,"Vezela Set of 4 Casual Laptop Bag (35L) with USB Charging Feature with Lunch Bag, Pencil Case & Pouch, School Bag for Girls and Boys, College Bags for Girls, Laptop Backpack",1899,4.2,(971)
https://www.amazon.in/F-Gear-Samurai-Black-Laptop-Backpack/dp/B071F2M8CW/ref=sr_1_266?keywords=bags&qid=1679421649&sr=8-266,F Gear Samurai Black 30 liter Laptop Backpack Sch Bag,892,4.1,(83)
https://www.amazon.in/Veneer-Business-Briefcase-Resistant-Messenger/dp/B08Z619V6Z/ref=sr_1_267?keywords=bags&qid=1679421649&sr=8-267,"Veneer Laptop Bag 15.6 Inch, Business Briefcase for Men Women, 15inch Water Resistant Messenger Shoulder Bag with Strap, Durable Office Bag, for Computer/Notebook/MacBook",995,4.2,"(2,992)"
https://www.amazon.in/uppercase-Professional-Anti-theft-resistant-sustainable/dp/B0BSH4H4DB/ref=sr_1_268?keywords=bags&qid=1679421649&sr=8-268,"uppercase Matrix Professional Anti-theft Laptop Backpack (15.6 Inch) 3x more water resistant sustainable bags with rain proof zippers for Men, Women, Boys and Girls, 750 Days warranty",2300,4.2,(12)
https://www.amazon.in/Skybags-Arthur-Laptop-Backpack-Grey/dp/B07SRFGK6H/ref=sr_1_269?keywords=bags&qid=1679421649&sr=8-269,"Skybags Arthur 30 L Laptop Backpack (Grey), Free Size (PLBPARTHGRY)",1499,3.9,(587)
https://www.amazon.in/xcluma-Diaper-Changing-Mother-Handbag/dp/B07PFL5Z3W/ref=sr_1_270?keywords=bags&qid=1679421649&sr=8-270,xcluma Baby Diaper Nappy Changing Baby Diaper Bag Mother Bag Mummy Bag Handbag (4 Pcs Set- Pink),999,4.3,"(1,537)"
https://www.amazon.in/POSSHUSA-Backpack-Charging-College-Suitable/dp/B0BX8ZZ769/ref=sr_1_271?keywords=bags&qid=1679421649&sr=8-271,POSSHUSA 15.6 Anti Theft Laptop Backpack with USB Charging Port Unisex Bag for College Office Suitable for Men Women,630,,
https://www.amazon.in/HP-Backpack-Laptop-Chromebook-1D0M5PA/dp/B08FM6X8KZ/ref=sr_1_272?keywords=bags&qid=1679421649&sr=8-272,HP 5 ltrs (2 cms)backpack(1D0M5PA_black),1219,4.2,(926)
https://www.amazon.in/Zipline-Foldable-Waterproof-Backpacks-Cover/dp/B07TR5WHMX/ref=sr_1_273?keywords=bags&qid=1679421657&sr=8-273,Zipline Rain & Dust Nylon Foldable Waterproof Cover with Pouch Laptop Bags and Backpacks Bag Cover  (Black),216,3.5,(173)
https://www.amazon.in/Wildcraft-Laptop-Trident-XL-2_Black/dp/B019DWD8SQ/ref=sr_1_274?keywords=bags&qid=1679421657&sr=8-274,wildcraft Nylon 40 ltrs Black Laptop Bag (Trident XL 2_Black),2999,4.4,(564)
https://www.amazon.in/American-Tourister-FS0-41-002/dp/B07S13B1HR/ref=sr_1_275?keywords=bags&qid=1679421657&sr=8-275,American Tourister Spin 49 cms Navy Laptop Backpack,1699,4.2,"(1,134)"
https://www.amazon.in/HOUSAI-Twisted-Handles-Gifting-Shopping/dp/B09NW23HSV/ref=sr_1_276?keywords=bags&qid=1679421657&sr=8-276,"HOUSAI: pack of 30 Plain white Paper Bags with Twisted Handles Suits in Gifting, Shopping & Food Packing, W/G/H = 8.5""X4""X11.5"" inch (Small)",558,3.9,(9)
https://www.amazon.in/Printed-Collage-Picknic-Bag-Backpack-Bagpack/dp/B0BMQHSSTN/ref=sr_1_277?keywords=bags&qid=1679421657&sr=8-277,FAIS N FAB Printed Designer Stylish Waterproof School/Collage/Picknic Bag-Backpack For Girls & Women | Casual Bagpack with Front Pocket | Office Laptop Bag | College Student Travel Bag,399,2.5,(2)
https://www.amazon.in/Lavie-Womens-Laptop-Ladies-Handbag/dp/B0B7JJ8BB3/ref=sr_1_278?keywords=bags&qid=1679421657&sr=8-278,Lavie Women's Mento Laptop Bag | Ladies Purse Handbag,1749,4.8,(8)
https://www.amazon.in/Kore-K-REGULAR-GYM-BAG-Regular-Gym-Bag/dp/B09VLK27NF/ref=sr_1_279?keywords=bags&qid=1679421657&sr=8-279,Kore Regular Gym Bag,59,2.9,"(3,848)"
https://www.amazon.in/Wildcraft-Packs18-Laptop-Backpack-ACE/dp/B07GS9ZWFX/ref=sr_1_280?keywords=bags&qid=1679421657&sr=8-280,Wildcraft Work Packs'18 25 Ltrs Blue Laptop Backpack (ACE),1630,3.6,(10)
https://www.amazon.in/Half-Moon-Waterproof-Laptop-Compartment/dp/B09XLNNQC1/ref=sr_1_281?keywords=bags&qid=1679421657&sr=8-281,Half Moon 45L Hammer Waterproof Laptop Travelling Rucksack Trekking Backpack for Travel Journey bags for Men Women Boys & Girls with 17.3inch Laptop Compartment & Rain cover,1299,4.1,"(1,013)"
https://www.amazon.in/Baggit-Womens-Sling-bag-Yellow/dp/B09X72S4ZS/ref=sr_1_282?keywords=bags&qid=1679421657&sr=8-282,Baggit Women's Sling bag (Yellow),845,,
https://www.amazon.in/PAZZO-Sky-Tourister-22L-Compartment/dp/B07ZM9BL8Q/ref=sr_1_283?keywords=bags&qid=1679421657&sr=8-283,PAZZO Sky Tourister 22L (1 Compartment - Small Size for Daily Use) Casual Backpack with 1 Year Warranty (Blue),499,4.2,(527)
https://www.amazon.in/AirCase-Backpack-Lightweight-Waterproof-Spacious/dp/B0BS3QJNKT/ref=sr_1_284?keywords=bags&qid=1679421657&sr=8-284,"AirCase Laptop Bag Backpack Case Pouch for Laptop Backpack for Men & Women,Premium Vegan Leather",929,2.7,(4)
https://www.amazon.in/Pinklips-Shopping-Blackpink-Laptop-Backpack/dp/B0B7DL5GMY/ref=sr_1_285?keywords=bags&qid=1679421657&sr=8-285,Pinklips Shopping Blackpink Theme Fan Art Laptop Bag Casual School Backpack (COMBO OF 3-SIZE BAGS) - PINKBAGS_777,1399,4.2,(22)
https://www.amazon.in/Skybags-New-Neon-Backpack-Purple/dp/B07SRHCF9R/ref=sr_1_286?keywords=bags&qid=1679421657&sr=8-286,Skybags New Neon 30 L Backpack (Purple),999,4.3,(100)
https://www.amazon.in/House-Quirk-Toiletry-Waterproof-Zippered/dp/B09G364GX5/ref=sr_1_287?keywords=bags&qid=1679421657&sr=8-287,"House of Quirk Clear Toiletry Bag, Wash Make Up Bag PVC Waterproof Zippered Cosmetic Bag, Portable Carry Pouch for Women Men (Set of 3 Bag Black)",675,4.4,(467)
https://www.amazon.in/Polyester-Bagpack-Spacious-Shoulder-Travelling/dp/B0BLHBD7N6/ref=sr_1_288?keywords=bags&qid=1679421657&sr=8-288,"Space Full School and Laptop Bag, Weight Polyester Bagpack for Men and Women, Spacious Shoulder Bag for College, Office, Travelling and Camping (Black Color, Pack Of 1)",399,5.0,(2)
https://www.amazon.in/Aristocrat-Unisex-Premium-Poleyester-Fabric/dp/B09ZV9MSFQ/ref=sr_1_289?keywords=bags&qid=1679421664&sr=8-289,Aristocrat Unisex Black Premium Poleyester Fabric 26L Laptop Bags,807,3.8,(44)
https://www.amazon.in/Lavie-Sport-Business-Backpacks-Notebook/dp/B0BTLY572N/ref=sr_1_290?keywords=bags&qid=1679421664&sr=8-290,Lavie Sport Chief 34 litres Business Laptop Bags | Premium Backpacks for Men & Women | Durable Office Bag for Notebook/MacBook,1049,5.0,(7)
https://www.amazon.in/Dottie-Casual-Backpacks-Resistant-Lightweight/dp/B097JJPQ2K/ref=sr_1_291?keywords=bags&qid=1679421664&sr=8-291,"Genie Dottie Casual Backpacks for Women, 18 Ltrs, Water Resistant and Lightweight, Navy Blue, M",489,4.2,(166)
https://www.amazon.in/AirCase-Backpack-Lightweight-Spacious-Warranty/dp/B0B2PCCXMN/ref=sr_1_292?keywords=bags&qid=1679421664&sr=8-292,"AirCase Premium Canvas Backpack fits Upto 15.6"" Laptop, Lightweight & Easy to Clean, Spacious Bag for Office/ Travel/ College, Men & Women",999,4.7,(4)
https://www.amazon.in/Wildcraft-Casual-Backpack-12245_Folk_Navy-HxWxD/dp/B083698S54/ref=sr_1_293?keywords=bags&qid=1679421664&sr=8-293,Wildcraft 31.5 Ltrs Pack 2 Folk Navy Casual Backpack (12245_Folk_Navy)(HxWxD : 18.5x13x8)(inches),1535,4.3,(66)
https://www.amazon.in/F-Gear-Millionaire-Doby-Black-Laptop-Backpack/dp/B07XMLCYTH/ref=sr_1_294?keywords=bags&qid=1679421664&sr=8-294,F Gear Millionaire Doby 36 Ltrs Black Laptop Backpack (3201),986,4.0,(29)
https://www.amazon.in/Tabelito%C2%AE-VOLT-waterproof-Backpack-Compatible/dp/B0BML7Q3J1/ref=sr_1_295?keywords=bags&qid=1679421664&sr=8-295,Tabelito® VOLT Casual waterproof Laptop Backpack/Office bag/School bag/College bag/Business bag/Unisex bag Travel bag Compatible with 15.6 inch Laptop 30L Bag for Men and Women - GREY,999,4.8,(82)
https://www.amazon.in/F-Gear-Talent-Laptop-Backpack-Grey/dp/B078KS2FX1/ref=sr_1_296?keywords=bags&qid=1679421664&sr=8-296,"F Gear Talent Laptop Backpack With Rain Cover 32 Liters (Grey,Black)",931,4.4,"(1,103)"
https://www.amazon.in/Vezela%C2%AE-Casual-Laptop-Pencil-Sipper/dp/B089YR4R3N/ref=sr_1_297?keywords=bags&qid=1679421664&sr=8-297,"VEZELA Set of 4 Casual Laptop Bag (35L) with Lunch Bag, Pencil Case & Pouch, School Bag for Girls and Boys, College Bags for Girls, Laptop Backpack",999,3.5,(85)
https://www.amazon.in/Gear-Colorado-Navy-Laptop-Backpack/dp/B097K6SPH7/ref=sr_1_298?keywords=bags&qid=1679421664&sr=8-298,F Gear Colorado Navy Lmn yelw 39 Ltrs Laptop Backpack (3813),761,4.2,(89)
https://www.amazon.in/Wildcraft-Packs18-Laptop-Backpack-Streak/dp/B07G7LDLJ7/ref=sr_1_299?keywords=bags&qid=1679421664&sr=8-299,wildcraft Work Packs'18 21 ltrs red Laptop Backpack (Streak),1399,4.0,(64)
https://www.amazon.in/GOOD-FRIENDS-Blowzy-Messenger-Briefcase/dp/B088LG4CYY/ref=sr_1_300?keywords=bags&qid=1679421664&sr=8-300,"Good Friends Blowzy Bags Laptop Messenger Bags for Men, Laptop Bags for Womens, Office Bags for Man, Laptop Briefcase, 15.6 inch Laptop Bag (Tan)",527,3.8,(39)
https://www.amazon.in/Hammonds-Flycatcher-Genuine-Brushwood-Messenger/dp/B0916G3WW7/ref=sr_1_301?keywords=bags&qid=1679421664&sr=8-301,"HAMMONDS FLYCATCHER Genuine Leather Laptop Bag for Men/Office Bag for Men, Brushwood | Fits Upto 14 Inch Laptop/MacBook | Leather Bag with Shoulder Straps | Laptop Messenger Bag/Leather Bag for Men",2499,4.2,"(1,243)"
https://www.amazon.in/GEAR-Amity-Laptop-Backpack-Grey/dp/B0B4227KKN/ref=sr_1_302?keywords=bags&qid=1679421664&sr=8-302,F Gear Amity 34 L Laptop Backpack,780,4.0,(3)
https://www.amazon.in/Storite-Leather-Laptop-Bag-inch/dp/B081GQJLD2/ref=sr_1_303?keywords=bags&qid=1679421664&sr=8-303,"Storite PU Leather 14 inch Laptop Messenger Organizer Bag/Shoulder Sling Office Bag for Men & Women Notebook, Tablet Carrying Handbag (37x 27x7cm, Light Brown)",999,4.0,"(1,566)"
https://www.amazon.in/Fashion-Backpack-College-Multicolour-MOOW_PEECH_0165/dp/B0BL87683Q/ref=sr_1_304?keywords=bags&qid=1679421664&sr=8-304,"Style Fashion Girls Backpack With Korean Design For School , travel College Office Bag Laptop Backpack With Multicolour(MOOW_PEECH_0165)",399,,
https://www.amazon.in/PUJI-Bag-overnight-weekender-Multicolor/dp/B0B3RTVM2J/ref=sr_1_305?keywords=bags&qid=1679421672&sr=8-305,"PUJI Travel Duffel Bag, overnight shoulder Bag, weekender carry on for women, Women's travel bags Shoulder Weekender Overnight Bag for Women, sports Gym Bag, Sports Tote Gym Bag, workout duffel bag (SIMPLE BAG)( Multicolor )",559,3.8,(160)
https://www.amazon.in/Leaderachi-Genuine-Vintage-Leather-Shoulder/dp/B07NDG5MYR/ref=sr_1_306?keywords=bags&qid=1679421672&sr=8-306,LEADERACHI Women's Genuine Vintage Hunter Leather Shoulder Laptop Tote Bag,3492,4.3,(25)
